conv_layer_no,dropout_rate,output,true_val,input
0,0.0,-0.8628430366516113,-0.8853067755699158,1
0,0.0,-0.8548287749290466,-0.8853067755699158,1
0,0.0,-0.8647107481956482,-0.8853067755699158,1
0,0.0,-0.8991948366165161,-0.8853067755699158,1
0,0.0,-0.9088976383209229,-0.8853067755699158,1
0,0.0,-0.9106044173240662,-0.8853067755699158,1
0,0.0,-0.9136810898780824,-0.8853067755699158,1
0,0.0,-0.9040156006813048,-0.8853067755699158,1
0,0.0,-0.9097473621368408,-0.8853067755699158,1
0,0.0,-0.8491594195365906,-0.8853067755699158,1
0,0.0,-0.8759739995002747,-0.8853067755699158,1
0,0.0,-0.8798720836639404,-0.8853067755699158,1
0,0.0,-0.8908963799476624,-0.8853067755699158,1
0,0.0,-0.8996102809906006,-0.8853067755699158,1
0,0.0,-0.9108029007911682,-0.8853067755699158,1
0,0.0,-0.9227606654167176,-0.8853067755699158,1
0,0.0,-0.8442812561988831,-0.8853067755699158,1
0,0.0,-0.870704710483551,-0.8853067755699158,1
0,0.0,-0.8953365087509155,-0.8853067755699158,1
0,0.0,-0.8933360576629639,-0.8853067755699158,1
0,0.0,-0.8791499733924866,-0.8853067755699158,1
0,0.0,-0.9364671111106871,-0.8853067755699158,1
0,0.0,-0.9201532006263732,-0.8853067755699158,1
0,0.0,-0.8691803812980652,-0.8853067755699158,1
0,0.0,-0.9143372774124146,-0.8853067755699158,1
0,0.0,-0.9147801995277404,-0.8853067755699158,1
0,0.0,-0.8827163577079773,-0.8853067755699158,1
0,0.0,-0.9431429505348206,-0.8853067755699158,1
0,0.0,-0.9459466338157654,-0.8853067755699158,1
0,0.0,-0.8835722804069519,-0.8853067755699158,1
0,0.0,-0.9830700755119324,-0.93894225358963,101
0,0.0,-0.965542495250702,-0.93894225358963,101
0,0.0,-0.9412006735801696,-0.93894225358963,101
0,0.0,-0.9168155193328856,-0.93894225358963,101
0,0.0,-0.9653947353363036,-0.93894225358963,101
0,0.0,-0.956764817237854,-0.93894225358963,101
0,0.0,-1.028508186340332,-0.93894225358963,101
0,0.0,-0.8978003859519958,-0.93894225358963,101
0,0.0,-0.930273711681366,-0.93894225358963,101
0,0.0,-0.9338881373405457,-0.93894225358963,101
0,0.0,-0.950299859046936,-0.93894225358963,101
0,0.0,-0.9367210268974304,-0.93894225358963,101
0,0.0,-0.9229010343551636,-0.93894225358963,101
0,0.0,-0.910082757472992,-0.93894225358963,101
0,0.0,-0.9320864081382751,-0.93894225358963,101
0,0.0,-0.9540042281150818,-0.93894225358963,101
0,0.0,-0.9420412182807922,-0.93894225358963,101
0,0.0,-0.9593499302864076,-0.93894225358963,101
0,0.0,-0.9878098368644714,-0.93894225358963,101
0,0.0,-0.92417174577713,-0.93894225358963,101
0,0.0,-0.9459049105644226,-0.93894225358963,101
0,0.0,-0.9584847688674928,-0.93894225358963,101
0,0.0,-0.9550189971923828,-0.93894225358963,101
0,0.0,-0.94925719499588,-0.93894225358963,101
0,0.0,-1.0008207559585571,-0.93894225358963,101
0,0.0,-0.9513061046600342,-0.93894225358963,101
0,0.0,-0.936272144317627,-0.93894225358963,101
0,0.0,-0.8917980790138245,-0.93894225358963,101
0,0.0,-0.9899558424949646,-0.93894225358963,101
0,0.0,-0.9787198901176452,-0.93894225358963,101
0,0.0,-0.8429245948791504,-0.8623045682907104,201
0,0.0,-0.8235985040664673,-0.8623045682907104,201
0,0.0,-0.8366890549659729,-0.8623045682907104,201
0,0.0,-0.8025410771369934,-0.8623045682907104,201
0,0.0,-0.8387899994850159,-0.8623045682907104,201
0,0.0,-0.922485053539276,-0.8623045682907104,201
0,0.0,-0.799863874912262,-0.8623045682907104,201
0,0.0,-0.861668586730957,-0.8623045682907104,201
0,0.0,-0.8572101593017578,-0.8623045682907104,201
0,0.0,-0.8242506384849548,-0.8623045682907104,201
0,0.0,-0.8965961337089539,-0.8623045682907104,201
0,0.0,-0.880551278591156,-0.8623045682907104,201
0,0.0,-0.8067246079444885,-0.8623045682907104,201
0,0.0,-0.8455661535263062,-0.8623045682907104,201
0,0.0,-0.8608266711235046,-0.8623045682907104,201
0,0.0,-0.9052440524101256,-0.8623045682907104,201
0,0.0,-0.8871120810508728,-0.8623045682907104,201
0,0.0,-0.8125534653663635,-0.8623045682907104,201
0,0.0,-0.8812821507453918,-0.8623045682907104,201
0,0.0,-0.8187350630760193,-0.8623045682907104,201
0,0.0,-0.848443865776062,-0.8623045682907104,201
0,0.0,-0.8845427632331848,-0.8623045682907104,201
0,0.0,-0.830848217010498,-0.8623045682907104,201
0,0.0,-0.8639017939567566,-0.8623045682907104,201
0,0.0,-0.8262302279472351,-0.8623045682907104,201
0,0.0,-0.8274600505828857,-0.8623045682907104,201
0,0.0,-0.8474646210670471,-0.8623045682907104,201
0,0.0,-0.8469049334526062,-0.8623045682907104,201
0,0.0,-0.8480935096740723,-0.8623045682907104,201
0,0.0,-0.8282291293144226,-0.8623045682907104,201
0,0.0,-0.6655564308166504,-0.6321735382080078,301
0,0.0,-0.6467406749725342,-0.6321735382080078,301
0,0.0,-0.6435007452964783,-0.6321735382080078,301
0,0.0,-0.6524957418441772,-0.6321735382080078,301
0,0.0,-0.6560252904891968,-0.6321735382080078,301
0,0.0,-0.6715025901794434,-0.6321735382080078,301
0,0.0,-0.6835063099861145,-0.6321735382080078,301
0,0.0,-0.652164101600647,-0.6321735382080078,301
0,0.0,-0.6828568577766418,-0.6321735382080078,301
0,0.0,-0.6688683032989502,-0.6321735382080078,301
0,0.0,-0.6722671389579773,-0.6321735382080078,301
0,0.0,-0.6660438776016235,-0.6321735382080078,301
0,0.0,-0.6497257947921753,-0.6321735382080078,301
0,0.0,-0.6613324284553528,-0.6321735382080078,301
0,0.0,-0.681394100189209,-0.6321735382080078,301
0,0.0,-0.6690458655357361,-0.6321735382080078,301
0,0.0,-0.6488760709762573,-0.6321735382080078,301
0,0.0,-0.6807330846786499,-0.6321735382080078,301
0,0.0,-0.6847416758537292,-0.6321735382080078,301
0,0.0,-0.6854546666145325,-0.6321735382080078,301
0,0.0,-0.6813292503356934,-0.6321735382080078,301
0,0.0,-0.6721366047859192,-0.6321735382080078,301
0,0.0,-0.6565805077552795,-0.6321735382080078,301
0,0.0,-0.6861547231674194,-0.6321735382080078,301
0,0.0,-0.6756030321121216,-0.6321735382080078,301
0,0.0,-0.6832821369171143,-0.6321735382080078,301
0,0.0,-0.7035583853721619,-0.6321735382080078,301
0,0.0,-0.6575742363929749,-0.6321735382080078,301
0,0.0,-0.6277440190315247,-0.6321735382080078,301
0,0.0,-0.6114569306373596,-0.6321735382080078,301
0,0.0,-0.8096324801445007,-0.7779268026351929,401
0,0.0,-0.8272092342376709,-0.7779268026351929,401
0,0.0,-0.8331118226051331,-0.7779268026351929,401
0,0.0,-0.7768535614013672,-0.7779268026351929,401
0,0.0,-0.8135632872581482,-0.7779268026351929,401
0,0.0,-0.7906714081764221,-0.7779268026351929,401
0,0.0,-0.8098912835121155,-0.7779268026351929,401
0,0.0,-0.8469552397727966,-0.7779268026351929,401
0,0.0,-0.8223644495010376,-0.7779268026351929,401
0,0.0,-0.8293957114219666,-0.7779268026351929,401
0,0.0,-0.8355103731155396,-0.7779268026351929,401
0,0.0,-0.8320128321647644,-0.7779268026351929,401
0,0.0,-0.8324098587036133,-0.7779268026351929,401
0,0.0,-0.7757294178009033,-0.7779268026351929,401
0,0.0,-0.8238479495048523,-0.7779268026351929,401
0,0.0,-0.8459960222244263,-0.7779268026351929,401
0,0.0,-0.8004346489906311,-0.7779268026351929,401
0,0.0,-0.8025367856025696,-0.7779268026351929,401
0,0.0,-0.8452571034431458,-0.7779268026351929,401
0,0.0,-0.7775821089744568,-0.7779268026351929,401
0,0.0,-0.781994104385376,-0.7779268026351929,401
0,0.0,-0.7749592661857605,-0.7779268026351929,401
0,0.0,-0.8447778224945068,-0.7779268026351929,401
0,0.0,-0.8660009503364563,-0.7779268026351929,401
0,0.0,-0.8568403124809265,-0.7779268026351929,401
0,0.0,-0.8314195871353149,-0.7779268026351929,401
0,0.0,-0.8576037883758545,-0.7779268026351929,401
0,0.0,-0.7918862104415894,-0.7779268026351929,401
0,0.0,-0.8374496102333069,-0.7779268026351929,401
0,0.0,-0.7725381851196289,-0.7779268026351929,401
0,0.0,-0.7807517051696777,-0.8545644879341125,501
0,0.0,-0.7462006211280823,-0.8545644879341125,501
0,0.0,-0.8012655377388,-0.8545644879341125,501
0,0.0,-0.7778023481369019,-0.8545644879341125,501
0,0.0,-0.7574214339256287,-0.8545644879341125,501
0,0.0,-0.8346866965293884,-0.8545644879341125,501
0,0.0,-0.7802643775939941,-0.8545644879341125,501
0,0.0,-0.7842865586280823,-0.8545644879341125,501
0,0.0,-0.8068119287490845,-0.8545644879341125,501
0,0.0,-0.7959865927696228,-0.8545644879341125,501
0,0.0,-0.7674741744995117,-0.8545644879341125,501
0,0.0,-0.8154863715171814,-0.8545644879341125,501
0,0.0,-0.8018242716789246,-0.8545644879341125,501
0,0.0,-0.8038227558135986,-0.8545644879341125,501
0,0.0,-0.8131421804428101,-0.8545644879341125,501
0,0.0,-0.7592342495918274,-0.8545644879341125,501
0,0.0,-0.7933122515678406,-0.8545644879341125,501
0,0.0,-0.8054128289222717,-0.8545644879341125,501
0,0.0,-0.8168948888778687,-0.8545644879341125,501
0,0.0,-0.7809364795684814,-0.8545644879341125,501
0,0.0,-0.8104806542396545,-0.8545644879341125,501
0,0.0,-0.783367931842804,-0.8545644879341125,501
0,0.0,-0.7633557915687561,-0.8545644879341125,501
0,0.0,-0.779200553894043,-0.8545644879341125,501
0,0.0,-0.8134590983390808,-0.8545644879341125,501
0,0.0,-0.7968011498451233,-0.8545644879341125,501
0,0.0,-0.7325579524040222,-0.8545644879341125,501
0,0.0,-0.8170530200004578,-0.8545644879341125,501
0,0.0,-0.8373991250991821,-0.8545644879341125,501
0,0.0,-0.7875675559043884,-0.8545644879341125,501
0,0.0,-1.2434498071670532,-1.2917152643203735,601
0,0.0,-1.1798279285430908,-1.2917152643203735,601
0,0.0,-1.204373478889465,-1.2917152643203735,601
0,0.0,-1.2293901443481443,-1.2917152643203735,601
0,0.0,-1.227621078491211,-1.2917152643203735,601
0,0.0,-1.2156344652175903,-1.2917152643203735,601
0,0.0,-1.2125115394592283,-1.2917152643203735,601
0,0.0,-1.2300490140914917,-1.2917152643203735,601
0,0.0,-1.134956955909729,-1.2917152643203735,601
0,0.0,-1.2092384099960327,-1.2917152643203735,601
0,0.0,-1.210371732711792,-1.2917152643203735,601
0,0.0,-1.2175110578536987,-1.2917152643203735,601
0,0.0,-1.152990698814392,-1.2917152643203735,601
0,0.0,-1.1955671310424805,-1.2917152643203735,601
0,0.0,-1.20724356174469,-1.2917152643203735,601
0,0.0,-1.2227827310562134,-1.2917152643203735,601
0,0.0,-1.1975568532943726,-1.2917152643203735,601
0,0.0,-1.2235945463180542,-1.2917152643203735,601
0,0.0,-1.171631097793579,-1.2917152643203735,601
0,0.0,-1.256917119026184,-1.2917152643203735,601
0,0.0,-1.1936150789260864,-1.2917152643203735,601
0,0.0,-1.2344545125961304,-1.2917152643203735,601
0,0.0,-1.2009222507476809,-1.2917152643203735,601
0,0.0,-1.19545578956604,-1.2917152643203735,601
0,0.0,-1.163608193397522,-1.2917152643203735,601
0,0.0,-1.2106447219848633,-1.2917152643203735,601
0,0.0,-1.1929045915603638,-1.2917152643203735,601
0,0.0,-1.2006391286849976,-1.2917152643203735,601
0,0.0,-1.1982173919677734,-1.2917152643203735,601
0,0.0,-1.1822359561920166,-1.2917152643203735,601
0,0.0,-0.9612812399864196,-1.0003178119659424,701
0,0.0,-0.9654124975204468,-1.0003178119659424,701
0,0.0,-0.9876386523246764,-1.0003178119659424,701
0,0.0,-0.9810132384300232,-1.0003178119659424,701
0,0.0,-1.0275527238845823,-1.0003178119659424,701
0,0.0,-1.0519369840621948,-1.0003178119659424,701
0,0.0,-1.0296536684036257,-1.0003178119659424,701
0,0.0,-1.0011963844299316,-1.0003178119659424,701
0,0.0,-0.9897989630699158,-1.0003178119659424,701
0,0.0,-1.003968358039856,-1.0003178119659424,701
0,0.0,-0.9904393553733826,-1.0003178119659424,701
0,0.0,-1.0419012308120728,-1.0003178119659424,701
0,0.0,-0.9993268847465516,-1.0003178119659424,701
0,0.0,-1.017471194267273,-1.0003178119659424,701
0,0.0,-1.01567542552948,-1.0003178119659424,701
0,0.0,-1.0393508672714231,-1.0003178119659424,701
0,0.0,-0.9666879773139954,-1.0003178119659424,701
0,0.0,-1.028118133544922,-1.0003178119659424,701
0,0.0,-1.0684069395065308,-1.0003178119659424,701
0,0.0,-1.0261746644973757,-1.0003178119659424,701
0,0.0,-0.9589535593986512,-1.0003178119659424,701
0,0.0,-0.9606793522834778,-1.0003178119659424,701
0,0.0,-1.0015560388565063,-1.0003178119659424,701
0,0.0,-0.9732051491737366,-1.0003178119659424,701
0,0.0,-1.0158511400222778,-1.0003178119659424,701
0,0.0,-0.9771971106529236,-1.0003178119659424,701
0,0.0,-0.9843856692314148,-1.0003178119659424,701
0,0.0,-0.9464063048362732,-1.0003178119659424,701
0,0.0,-1.0086742639541626,-1.0003178119659424,701
0,0.0,-0.992654025554657,-1.0003178119659424,701
0,0.0,-0.7638816237449646,-0.7241823077201843,801
0,0.0,-0.7798286080360413,-0.7241823077201843,801
0,0.0,-0.8563888669013977,-0.7241823077201843,801
0,0.0,-0.7826865315437317,-0.7241823077201843,801
0,0.0,-0.7526267170906067,-0.7241823077201843,801
0,0.0,-0.7640330195426941,-0.7241823077201843,801
0,0.0,-0.7245753407478333,-0.7241823077201843,801
0,0.0,-0.7532995343208313,-0.7241823077201843,801
0,0.0,-0.7568707466125488,-0.7241823077201843,801
0,0.0,-0.7886247038841248,-0.7241823077201843,801
0,0.0,-0.8109542727470398,-0.7241823077201843,801
0,0.0,-0.7516620755195618,-0.7241823077201843,801
0,0.0,-0.7427332997322083,-0.7241823077201843,801
0,0.0,-0.760262131690979,-0.7241823077201843,801
0,0.0,-0.7972907423973083,-0.7241823077201843,801
0,0.0,-0.770908772945404,-0.7241823077201843,801
0,0.0,-0.7315229773521423,-0.7241823077201843,801
0,0.0,-0.7213646769523621,-0.7241823077201843,801
0,0.0,-0.8100078701972961,-0.7241823077201843,801
0,0.0,-0.7609909176826477,-0.7241823077201843,801
0,0.0,-0.746548593044281,-0.7241823077201843,801
0,0.0,-0.7818282246589661,-0.7241823077201843,801
0,0.0,-0.7868611216545105,-0.7241823077201843,801
0,0.0,-0.7829804420471191,-0.7241823077201843,801
0,0.0,-0.8026524186134338,-0.7241823077201843,801
0,0.0,-0.7895696759223938,-0.7241823077201843,801
0,0.0,-0.7675290107727051,-0.7241823077201843,801
0,0.0,-0.7773578763008118,-0.7241823077201843,801
0,0.0,-0.7489956021308899,-0.7241823077201843,801
0,0.0,-0.7120851874351501,-0.7241823077201843,801
0,0.0,-0.8025858998298645,-0.7855579257011414,901
0,0.0,-0.7732933759689331,-0.7855579257011414,901
0,0.0,-0.8079952597618103,-0.7855579257011414,901
0,0.0,-0.8115872740745544,-0.7855579257011414,901
0,0.0,-0.7483568787574768,-0.7855579257011414,901
0,0.0,-0.7586262822151184,-0.7855579257011414,901
0,0.0,-0.7966927289962769,-0.7855579257011414,901
0,0.0,-0.7103651762008667,-0.7855579257011414,901
0,0.0,-0.8162122964859009,-0.7855579257011414,901
0,0.0,-0.7771657705307007,-0.7855579257011414,901
0,0.0,-0.8008423447608948,-0.7855579257011414,901
0,0.0,-0.7551849484443665,-0.7855579257011414,901
0,0.0,-0.8015279173851013,-0.7855579257011414,901
0,0.0,-0.7781756520271301,-0.7855579257011414,901
0,0.0,-0.7915322184562683,-0.7855579257011414,901
0,0.0,-0.7320378422737122,-0.7855579257011414,901
0,0.0,-0.7879924774169922,-0.7855579257011414,901
0,0.0,-0.7844791412353516,-0.7855579257011414,901
0,0.0,-0.8125005960464478,-0.7855579257011414,901
0,0.0,-0.7334092855453491,-0.7855579257011414,901
0,0.0,-0.8389045596122742,-0.7855579257011414,901
0,0.0,-0.79582679271698,-0.7855579257011414,901
0,0.0,-0.7722685933113098,-0.7855579257011414,901
0,0.0,-0.7763471007347107,-0.7855579257011414,901
0,0.0,-0.7834812998771667,-0.7855579257011414,901
0,0.0,-0.769254207611084,-0.7855579257011414,901
0,0.0,-0.7748081684112549,-0.7855579257011414,901
0,0.0,-0.7438670992851257,-0.7855579257011414,901
0,0.0,-0.774651825428009,-0.7855579257011414,901
0,0.0,-0.8219836950302124,-0.7855579257011414,901
0,0.0,-0.5321345925331116,-0.7779268026351929,1001
0,0.0,-0.5346395373344421,-0.7779268026351929,1001
0,0.0,-0.532392144203186,-0.7779268026351929,1001
0,0.0,-0.5299122929573059,-0.7779268026351929,1001
0,0.0,-0.5077658891677856,-0.7779268026351929,1001
0,0.0,-0.5094862580299377,-0.7779268026351929,1001
0,0.0,-0.5604984760284424,-0.7779268026351929,1001
0,0.0,-0.5808426141738892,-0.7779268026351929,1001
0,0.0,-0.5570734739303589,-0.7779268026351929,1001
0,0.0,-0.558515727519989,-0.7779268026351929,1001
0,0.0,-0.502745509147644,-0.7779268026351929,1001
0,0.0,-0.534877359867096,-0.7779268026351929,1001
0,0.0,-0.5334206223487854,-0.7779268026351929,1001
0,0.0,-0.5152256488800049,-0.7779268026351929,1001
0,0.0,-0.5273764133453369,-0.7779268026351929,1001
0,0.0,-0.4954167008399963,-0.7779268026351929,1001
0,0.0,-0.5406618714332581,-0.7779268026351929,1001
0,0.0,-0.5385152101516724,-0.7779268026351929,1001
0,0.0,-0.5197526812553406,-0.7779268026351929,1001
0,0.0,-0.5198881030082703,-0.7779268026351929,1001
0,0.0,-0.5167125463485718,-0.7779268026351929,1001
0,0.0,-0.5191857218742371,-0.7779268026351929,1001
0,0.0,-0.5170355439186096,-0.7779268026351929,1001
0,0.0,-0.5614323019981384,-0.7779268026351929,1001
0,0.0,-0.5329284071922302,-0.7779268026351929,1001
0,0.0,-0.5383334159851074,-0.7779268026351929,1001
0,0.0,-0.565885603427887,-0.7779268026351929,1001
0,0.0,-0.5395438075065613,-0.7779268026351929,1001
0,0.0,-0.5311564803123474,-0.7779268026351929,1001
0,0.0,-0.5707210898399353,-0.7779268026351929,1001
0,0.0,-1.107995629310608,-1.0846954584121704,1101
0,0.0,-1.127648949623108,-1.0846954584121704,1101
0,0.0,-1.1617168188095093,-1.0846954584121704,1101
0,0.0,-1.173384666442871,-1.0846954584121704,1101
0,0.0,-1.0991226434707642,-1.0846954584121704,1101
0,0.0,-1.168298363685608,-1.0846954584121704,1101
0,0.0,-1.1532341241836548,-1.0846954584121704,1101
0,0.0,-1.0795060396194458,-1.0846954584121704,1101
0,0.0,-1.1190105676651,-1.0846954584121704,1101
0,0.0,-1.1697533130645752,-1.0846954584121704,1101
0,0.0,-1.1537621021270752,-1.0846954584121704,1101
0,0.0,-1.0682761669158936,-1.0846954584121704,1101
0,0.0,-1.1793376207351685,-1.0846954584121704,1101
0,0.0,-1.1627241373062134,-1.0846954584121704,1101
0,0.0,-1.1682227849960327,-1.0846954584121704,1101
0,0.0,-1.146456599235535,-1.0846954584121704,1101
0,0.0,-1.1071546077728271,-1.0846954584121704,1101
0,0.0,-1.1303596496582031,-1.0846954584121704,1101
0,0.0,-1.1179338693618774,-1.0846954584121704,1101
0,0.0,-1.1719441413879397,-1.0846954584121704,1101
0,0.0,-1.122963786125183,-1.0846954584121704,1101
0,0.0,-1.1414188146591189,-1.0846954584121704,1101
0,0.0,-1.1208689212799072,-1.0846954584121704,1101
0,0.0,-1.225460410118103,-1.0846954584121704,1101
0,0.0,-1.156364679336548,-1.0846954584121704,1101
0,0.0,-1.1004739999771118,-1.0846954584121704,1101
0,0.0,-1.1453055143356323,-1.0846954584121704,1101
0,0.0,-1.1365119218826294,-1.0846954584121704,1101
0,0.0,-1.210920810699463,-1.0846954584121704,1101
0,0.0,-1.130158543586731,-1.0846954584121704,1101
0,0.0,-1.1019586324691772,-1.06169331073761,1201
0,0.0,-1.1046230792999268,-1.06169331073761,1201
0,0.0,-1.100980281829834,-1.06169331073761,1201
0,0.0,-1.1034373044967651,-1.06169331073761,1201
0,0.0,-1.1158924102783203,-1.06169331073761,1201
0,0.0,-1.080006718635559,-1.06169331073761,1201
0,0.0,-1.0917770862579346,-1.06169331073761,1201
0,0.0,-1.1033879518508911,-1.06169331073761,1201
0,0.0,-1.077857494354248,-1.06169331073761,1201
0,0.0,-1.1295396089553833,-1.06169331073761,1201
0,0.0,-1.1294684410095217,-1.06169331073761,1201
0,0.0,-1.1035988330841064,-1.06169331073761,1201
0,0.0,-1.082055687904358,-1.06169331073761,1201
0,0.0,-1.0841625928878784,-1.06169331073761,1201
0,0.0,-1.125022530555725,-1.06169331073761,1201
0,0.0,-1.0799763202667236,-1.06169331073761,1201
0,0.0,-1.085327386856079,-1.06169331073761,1201
0,0.0,-1.1089820861816406,-1.06169331073761,1201
0,0.0,-1.058278203010559,-1.06169331073761,1201
0,0.0,-1.1432870626449585,-1.06169331073761,1201
0,0.0,-1.1220287084579468,-1.06169331073761,1201
0,0.0,-1.1236835718154907,-1.06169331073761,1201
0,0.0,-1.0737383365631104,-1.06169331073761,1201
0,0.0,-1.0974329710006714,-1.06169331073761,1201
0,0.0,-1.0770378112792969,-1.06169331073761,1201
0,0.0,-1.0236579179763794,-1.06169331073761,1201
0,0.0,-1.1011379957199097,-1.06169331073761,1201
0,0.0,-1.104967474937439,-1.06169331073761,1201
0,0.0,-1.067217469215393,-1.06169331073761,1201
0,0.0,-1.139424443244934,-1.06169331073761,1201
0,0.0,-0.6325613856315613,-0.5095314383506775,1301
0,0.0,-0.6013834476470947,-0.5095314383506775,1301
0,0.0,-0.6069980263710022,-0.5095314383506775,1301
0,0.0,-0.5886058807373047,-0.5095314383506775,1301
0,0.0,-0.6070441603660583,-0.5095314383506775,1301
0,0.0,-0.6010393500328064,-0.5095314383506775,1301
0,0.0,-0.5859128832817078,-0.5095314383506775,1301
0,0.0,-0.5874495506286621,-0.5095314383506775,1301
0,0.0,-0.6695640087127686,-0.5095314383506775,1301
0,0.0,-0.6452153325080872,-0.5095314383506775,1301
0,0.0,-0.5937312245368958,-0.5095314383506775,1301
0,0.0,-0.6473021507263184,-0.5095314383506775,1301
0,0.0,-0.6572176814079285,-0.5095314383506775,1301
0,0.0,-0.6449835896492004,-0.5095314383506775,1301
0,0.0,-0.6699868440628052,-0.5095314383506775,1301
0,0.0,-0.5984009504318237,-0.5095314383506775,1301
0,0.0,-0.6118431091308594,-0.5095314383506775,1301
0,0.0,-0.6716012954711914,-0.5095314383506775,1301
0,0.0,-0.6103869676589966,-0.5095314383506775,1301
0,0.0,-0.6476747393608093,-0.5095314383506775,1301
0,0.0,-0.6211923360824585,-0.5095314383506775,1301
0,0.0,-0.6393591165542603,-0.5095314383506775,1301
0,0.0,-0.5930070281028748,-0.5095314383506775,1301
0,0.0,-0.6006040573120117,-0.5095314383506775,1301
0,0.0,-0.6760381460189819,-0.5095314383506775,1301
0,0.0,-0.6475889086723328,-0.5095314383506775,1301
0,0.0,-0.6506393551826477,-0.5095314383506775,1301
0,0.0,-0.668408215045929,-0.5095314383506775,1301
0,0.0,-0.6156260371208191,-0.5095314383506775,1301
0,0.0,-0.630750834941864,-0.5095314383506775,1301
0,0.0,-0.7131541967391968,-0.6859180331230164,1401
0,0.0,-0.6973310112953186,-0.6859180331230164,1401
0,0.0,-0.7296165227890015,-0.6859180331230164,1401
0,0.0,-0.6751552820205688,-0.6859180331230164,1401
0,0.0,-0.7059595584869385,-0.6859180331230164,1401
0,0.0,-0.6818628907203674,-0.6859180331230164,1401
0,0.0,-0.702847421169281,-0.6859180331230164,1401
0,0.0,-0.7394328713417053,-0.6859180331230164,1401
0,0.0,-0.7135776877403259,-0.6859180331230164,1401
0,0.0,-0.6935394406318665,-0.6859180331230164,1401
0,0.0,-0.7520021200180054,-0.6859180331230164,1401
0,0.0,-0.7536212801933289,-0.6859180331230164,1401
0,0.0,-0.7327569127082825,-0.6859180331230164,1401
0,0.0,-0.7045593857765198,-0.6859180331230164,1401
0,0.0,-0.7158589363098145,-0.6859180331230164,1401
0,0.0,-0.7321215867996216,-0.6859180331230164,1401
0,0.0,-0.7241587042808533,-0.6859180331230164,1401
0,0.0,-0.680546224117279,-0.6859180331230164,1401
0,0.0,-0.7338159084320068,-0.6859180331230164,1401
0,0.0,-0.7188398838043213,-0.6859180331230164,1401
0,0.0,-0.6922211647033691,-0.6859180331230164,1401
0,0.0,-0.6202473044395447,-0.6859180331230164,1401
0,0.0,-0.6579895615577698,-0.6859180331230164,1401
0,0.0,-0.6695941090583801,-0.6859180331230164,1401
0,0.0,-0.7162714600563049,-0.6859180331230164,1401
0,0.0,-0.6960015892982483,-0.6859180331230164,1401
0,0.0,-0.7136821150779724,-0.6859180331230164,1401
0,0.0,-0.7035765051841736,-0.6859180331230164,1401
0,0.0,-0.6505776047706604,-0.6859180331230164,1401
0,0.0,-0.6945274472236633,-0.6859180331230164,1401
0,0.0,-0.7646939158439636,-0.7089202404022217,1501
0,0.0,-0.6680718064308167,-0.7089202404022217,1501
0,0.0,-0.6627461314201355,-0.7089202404022217,1501
0,0.0,-0.7106369137763977,-0.7089202404022217,1501
0,0.0,-0.7309421896934509,-0.7089202404022217,1501
0,0.0,-0.6734989285469055,-0.7089202404022217,1501
0,0.0,-0.7230687737464905,-0.7089202404022217,1501
0,0.0,-0.7182486057281494,-0.7089202404022217,1501
0,0.0,-0.7165921330451965,-0.7089202404022217,1501
0,0.0,-0.7064855694770813,-0.7089202404022217,1501
0,0.0,-0.6920154094696045,-0.7089202404022217,1501
0,0.0,-0.6977049708366394,-0.7089202404022217,1501
0,0.0,-0.6753649115562439,-0.7089202404022217,1501
0,0.0,-0.6675698161125183,-0.7089202404022217,1501
0,0.0,-0.6944116950035095,-0.7089202404022217,1501
0,0.0,-0.7196491956710815,-0.7089202404022217,1501
0,0.0,-0.7458269000053406,-0.7089202404022217,1501
0,0.0,-0.6652450561523438,-0.7089202404022217,1501
0,0.0,-0.68158358335495,-0.7089202404022217,1501
0,0.0,-0.6790336966514587,-0.7089202404022217,1501
0,0.0,-0.6584901213645935,-0.7089202404022217,1501
0,0.0,-0.6647579669952393,-0.7089202404022217,1501
0,0.0,-0.7042332291603088,-0.7089202404022217,1501
0,0.0,-0.694337010383606,-0.7089202404022217,1501
0,0.0,-0.724410891532898,-0.7089202404022217,1501
0,0.0,-0.7039703130722046,-0.7089202404022217,1501
0,0.0,-0.7273995876312256,-0.7089202404022217,1501
0,0.0,-0.6880757808685303,-0.7089202404022217,1501
0,0.0,-0.698062002658844,-0.7089202404022217,1501
0,0.0,-0.7483153939247131,-0.7089202404022217,1501
0,0.0,-0.6741263270378113,-0.6475446224212646,1601
0,0.0,-0.6901272535324097,-0.6475446224212646,1601
0,0.0,-0.7287576198577881,-0.6475446224212646,1601
0,0.0,-0.710580050945282,-0.6475446224212646,1601
0,0.0,-0.6687846779823303,-0.6475446224212646,1601
0,0.0,-0.6426090598106384,-0.6475446224212646,1601
0,0.0,-0.6503221988677979,-0.6475446224212646,1601
0,0.0,-0.6753816604614258,-0.6475446224212646,1601
0,0.0,-0.6656740307807922,-0.6475446224212646,1601
0,0.0,-0.6353517174720764,-0.6475446224212646,1601
0,0.0,-0.683280885219574,-0.6475446224212646,1601
0,0.0,-0.6670750975608826,-0.6475446224212646,1601
0,0.0,-0.6087900996208191,-0.6475446224212646,1601
0,0.0,-0.6958809494972229,-0.6475446224212646,1601
0,0.0,-0.6787393689155579,-0.6475446224212646,1601
0,0.0,-0.6999269127845764,-0.6475446224212646,1601
0,0.0,-0.6517430543899536,-0.6475446224212646,1601
0,0.0,-0.6480072140693665,-0.6475446224212646,1601
0,0.0,-0.66867595911026,-0.6475446224212646,1601
0,0.0,-0.6585446000099182,-0.6475446224212646,1601
0,0.0,-0.6965078711509705,-0.6475446224212646,1601
0,0.0,-0.7294628620147705,-0.6475446224212646,1601
0,0.0,-0.6492334604263306,-0.6475446224212646,1601
0,0.0,-0.6974605917930603,-0.6475446224212646,1601
0,0.0,-0.6697975993156433,-0.6475446224212646,1601
0,0.0,-0.6700837016105652,-0.6475446224212646,1601
0,0.0,-0.6706801056861877,-0.6475446224212646,1601
0,0.0,-0.6722390055656433,-0.6475446224212646,1601
0,0.0,-0.6659004092216492,-0.6475446224212646,1601
0,0.0,-0.6881291270256042,-0.6475446224212646,1601
0,0.0,-0.9633117914199828,-0.8469334244728088,1701
0,0.0,-0.962017059326172,-0.8469334244728088,1701
0,0.0,-0.9610630869865416,-0.8469334244728088,1701
0,0.0,-0.8937432169914246,-0.8469334244728088,1701
0,0.0,-0.9102264046669006,-0.8469334244728088,1701
0,0.0,-0.9173542857170104,-0.8469334244728088,1701
0,0.0,-0.9581411480903624,-0.8469334244728088,1701
0,0.0,-0.9277949929237366,-0.8469334244728088,1701
0,0.0,-0.9148247838020324,-0.8469334244728088,1701
0,0.0,-0.9150536060333252,-0.8469334244728088,1701
0,0.0,-0.9269387125968932,-0.8469334244728088,1701
0,0.0,-0.9356995224952698,-0.8469334244728088,1701
0,0.0,-0.8978701233863831,-0.8469334244728088,1701
0,0.0,-0.9069082140922546,-0.8469334244728088,1701
0,0.0,-0.9714555740356444,-0.8469334244728088,1701
0,0.0,-0.9205626845359802,-0.8469334244728088,1701
0,0.0,-0.9321501851081848,-0.8469334244728088,1701
0,0.0,-0.970263421535492,-0.8469334244728088,1701
0,0.0,-0.925572633743286,-0.8469334244728088,1701
0,0.0,-0.908280909061432,-0.8469334244728088,1701
0,0.0,-0.954786479473114,-0.8469334244728088,1701
0,0.0,-0.9235312342643738,-0.8469334244728088,1701
0,0.0,-0.9053254723548888,-0.8469334244728088,1701
0,0.0,-0.9433298707008362,-0.8469334244728088,1701
0,0.0,-0.9263034462928772,-0.8469334244728088,1701
0,0.0,-0.9102051258087158,-0.8469334244728088,1701
0,0.0,-0.9291964173316956,-0.8469334244728088,1701
0,0.0,-0.9656020998954772,-0.8469334244728088,1701
0,0.0,-0.9424242377281188,-0.8469334244728088,1701
0,0.0,-0.919476330280304,-0.8469334244728088,1701
0,0.0,-0.9050917029380798,-0.954313337802887,1801
0,0.0,-0.8793842196464539,-0.954313337802887,1801
0,0.0,-0.8306691646575928,-0.954313337802887,1801
0,0.0,-0.8738157749176025,-0.954313337802887,1801
0,0.0,-0.8627336621284485,-0.954313337802887,1801
0,0.0,-0.8600570559501648,-0.954313337802887,1801
0,0.0,-0.8923782706260681,-0.954313337802887,1801
0,0.0,-0.8959047198295593,-0.954313337802887,1801
0,0.0,-0.8829731345176697,-0.954313337802887,1801
0,0.0,-0.9017966389656068,-0.954313337802887,1801
0,0.0,-0.9007046818733215,-0.954313337802887,1801
0,0.0,-0.8868516087532043,-0.954313337802887,1801
0,0.0,-0.8930133581161499,-0.954313337802887,1801
0,0.0,-0.8852495551109314,-0.954313337802887,1801
0,0.0,-0.8990753293037415,-0.954313337802887,1801
0,0.0,-0.7839304804801941,-0.954313337802887,1801
0,0.0,-0.8469499945640564,-0.954313337802887,1801
0,0.0,-0.8718907237052917,-0.954313337802887,1801
0,0.0,-0.8503610491752625,-0.954313337802887,1801
0,0.0,-0.8522527813911438,-0.954313337802887,1801
0,0.0,-0.8778780698776245,-0.954313337802887,1801
0,0.0,-0.8580371737480164,-0.954313337802887,1801
0,0.0,-0.8616539835929871,-0.954313337802887,1801
0,0.0,-0.9002590775489807,-0.954313337802887,1801
0,0.0,-0.8733465075492859,-0.954313337802887,1801
0,0.0,-0.892111599445343,-0.954313337802887,1801
0,0.0,-0.8785627484321594,-0.954313337802887,1801
0,0.0,-0.8903096318244934,-0.954313337802887,1801
0,0.0,-0.8630035519599915,-0.954313337802887,1801
0,0.0,-0.8825545310974121,-0.954313337802887,1801
0,0.0,-0.69808429479599,-0.6859180331230164,1901
0,0.0,-0.7720659375190735,-0.6859180331230164,1901
0,0.0,-0.7667625546455383,-0.6859180331230164,1901
0,0.0,-0.7786771655082703,-0.6859180331230164,1901
0,0.0,-0.7631158232688904,-0.6859180331230164,1901
0,0.0,-0.7450457215309143,-0.6859180331230164,1901
0,0.0,-0.7080819010734558,-0.6859180331230164,1901
0,0.0,-0.7466651797294617,-0.6859180331230164,1901
0,0.0,-0.7570703625679016,-0.6859180331230164,1901
0,0.0,-0.7367867827415466,-0.6859180331230164,1901
0,0.0,-0.7688359022140503,-0.6859180331230164,1901
0,0.0,-0.7322466969490051,-0.6859180331230164,1901
0,0.0,-0.713084876537323,-0.6859180331230164,1901
0,0.0,-0.7716208696365356,-0.6859180331230164,1901
0,0.0,-0.71575528383255,-0.6859180331230164,1901
0,0.0,-0.7523223161697388,-0.6859180331230164,1901
0,0.0,-0.7329978942871094,-0.6859180331230164,1901
0,0.0,-0.7625160813331604,-0.6859180331230164,1901
0,0.0,-0.775117814540863,-0.6859180331230164,1901
0,0.0,-0.7945501208305359,-0.6859180331230164,1901
0,0.0,-0.7781931161880493,-0.6859180331230164,1901
0,0.0,-0.7255355715751648,-0.6859180331230164,1901
0,0.0,-0.7291975021362305,-0.6859180331230164,1901
0,0.0,-0.7887807488441467,-0.6859180331230164,1901
0,0.0,-0.7502146363258362,-0.6859180331230164,1901
0,0.0,-0.7755054831504822,-0.6859180331230164,1901
0,0.0,-0.7333375215530396,-0.6859180331230164,1901
0,0.0,-0.7185350656509399,-0.6859180331230164,1901
0,0.0,-0.7787001729011536,-0.6859180331230164,1901
0,0.0,-0.731855034828186,-0.6859180331230164,1901
0,0.0,-0.7436550259590149,-0.7471845746040344,2001
0,0.0,-0.7897814512252808,-0.7471845746040344,2001
0,0.0,-0.7675450444221497,-0.7471845746040344,2001
0,0.0,-0.7674042582511902,-0.7471845746040344,2001
0,0.0,-0.770002543926239,-0.7471845746040344,2001
0,0.0,-0.7475006580352783,-0.7471845746040344,2001
0,0.0,-0.7407689094543457,-0.7471845746040344,2001
0,0.0,-0.7748798727989197,-0.7471845746040344,2001
0,0.0,-0.7619933485984802,-0.7471845746040344,2001
0,0.0,-0.769878089427948,-0.7471845746040344,2001
0,0.0,-0.7614536881446838,-0.7471845746040344,2001
0,0.0,-0.7098655700683594,-0.7471845746040344,2001
0,0.0,-0.809354841709137,-0.7471845746040344,2001
0,0.0,-0.7027025818824768,-0.7471845746040344,2001
0,0.0,-0.7278056740760803,-0.7471845746040344,2001
0,0.0,-0.764384925365448,-0.7471845746040344,2001
0,0.0,-0.739457905292511,-0.7471845746040344,2001
0,0.0,-0.7311162948608398,-0.7471845746040344,2001
0,0.0,-0.7382667660713196,-0.7471845746040344,2001
0,0.0,-0.7616326212882996,-0.7471845746040344,2001
0,0.0,-0.7689598202705383,-0.7471845746040344,2001
0,0.0,-0.7578703761100769,-0.7471845746040344,2001
0,0.0,-0.7579190135002136,-0.7471845746040344,2001
0,0.0,-0.6793704628944397,-0.7471845746040344,2001
0,0.0,-0.7907871603965759,-0.7471845746040344,2001
0,0.0,-0.7697033286094666,-0.7471845746040344,2001
0,0.0,-0.7651709318161011,-0.7471845746040344,2001
0,0.0,-0.6983973383903503,-0.7471845746040344,2001
0,0.0,-0.7108355164527893,-0.7471845746040344,2001
0,0.0,-0.7381091117858887,-0.7471845746040344,2001
0,0.0,-0.7236784100532532,-0.7395535111427307,2101
0,0.0,-0.7349750399589539,-0.7395535111427307,2101
0,0.0,-0.7313337326049805,-0.7395535111427307,2101
0,0.0,-0.7492694854736328,-0.7395535111427307,2101
0,0.0,-0.7695452570915222,-0.7395535111427307,2101
0,0.0,-0.7641527652740479,-0.7395535111427307,2101
0,0.0,-0.7141789793968201,-0.7395535111427307,2101
0,0.0,-0.6955664753913879,-0.7395535111427307,2101
0,0.0,-0.74016273021698,-0.7395535111427307,2101
0,0.0,-0.7403748035430908,-0.7395535111427307,2101
0,0.0,-0.7524357438087463,-0.7395535111427307,2101
0,0.0,-0.7401899099349976,-0.7395535111427307,2101
0,0.0,-0.7620659470558167,-0.7395535111427307,2101
0,0.0,-0.697201669216156,-0.7395535111427307,2101
0,0.0,-0.7698948383331299,-0.7395535111427307,2101
0,0.0,-0.7440004348754883,-0.7395535111427307,2101
0,0.0,-0.7295588850975037,-0.7395535111427307,2101
0,0.0,-0.7554779648780823,-0.7395535111427307,2101
0,0.0,-0.7560045719146729,-0.7395535111427307,2101
0,0.0,-0.743682324886322,-0.7395535111427307,2101
0,0.0,-0.732727587223053,-0.7395535111427307,2101
0,0.0,-0.7520135045051575,-0.7395535111427307,2101
0,0.0,-0.7510309219360352,-0.7395535111427307,2101
0,0.0,-0.6690734028816223,-0.7395535111427307,2101
0,0.0,-0.7366312146186829,-0.7395535111427307,2101
0,0.0,-0.7668296098709106,-0.7395535111427307,2101
0,0.0,-0.6864365935325623,-0.7395535111427307,2101
0,0.0,-0.7632015943527222,-0.7395535111427307,2101
0,0.0,-0.7406875491142273,-0.7395535111427307,2101
0,0.0,-0.7633244395256042,-0.7395535111427307,2101
0,0.0,-0.9849972128868104,-0.9465732574462892,2201
0,0.0,-0.9666319489479064,-0.9465732574462892,2201
0,0.0,-0.9560030102729796,-0.9465732574462892,2201
0,0.0,-0.9503753185272216,-0.9465732574462892,2201
0,0.0,-0.9757913947105408,-0.9465732574462892,2201
0,0.0,-1.032744526863098,-0.9465732574462892,2201
0,0.0,-0.8899915218353271,-0.9465732574462892,2201
0,0.0,-0.9232025742530824,-0.9465732574462892,2201
0,0.0,-0.911100447177887,-0.9465732574462892,2201
0,0.0,-0.913634717464447,-0.9465732574462892,2201
0,0.0,-0.9547980427742004,-0.9465732574462892,2201
0,0.0,-0.9745334386825562,-0.9465732574462892,2201
0,0.0,-0.9666085839271544,-0.9465732574462892,2201
0,0.0,-0.963805854320526,-0.9465732574462892,2201
0,0.0,-0.9763935208320618,-0.9465732574462892,2201
0,0.0,-0.8974277377128601,-0.9465732574462892,2201
0,0.0,-0.9907026886940002,-0.9465732574462892,2201
0,0.0,-0.9401615262031556,-0.9465732574462892,2201
0,0.0,-0.9925140738487244,-0.9465732574462892,2201
0,0.0,-0.9313904643058776,-0.9465732574462892,2201
0,0.0,-1.0165284872055054,-0.9465732574462892,2201
0,0.0,-0.9760512709617616,-0.9465732574462892,2201
0,0.0,-0.9623221158981324,-0.9465732574462892,2201
0,0.0,-0.969774067401886,-0.9465732574462892,2201
0,0.0,-1.0006211996078491,-0.9465732574462892,2201
0,0.0,-0.9060912132263184,-0.9465732574462892,2201
0,0.0,-0.906184732913971,-0.9465732574462892,2201
0,0.0,-0.966403305530548,-0.9465732574462892,2201
0,0.0,-0.9225457906723022,-0.9465732574462892,2201
0,0.0,-0.99518221616745,-0.9465732574462892,2201
0,0.0,-1.102710485458374,-1.1383309364318848,2301
0,0.0,-1.11284601688385,-1.1383309364318848,2301
0,0.0,-1.154456377029419,-1.1383309364318848,2301
0,0.0,-1.098674774169922,-1.1383309364318848,2301
0,0.0,-1.1289477348327637,-1.1383309364318848,2301
0,0.0,-1.1987990140914917,-1.1383309364318848,2301
0,0.0,-1.121963381767273,-1.1383309364318848,2301
0,0.0,-1.111639142036438,-1.1383309364318848,2301
0,0.0,-1.099276781082153,-1.1383309364318848,2301
0,0.0,-1.147000789642334,-1.1383309364318848,2301
0,0.0,-1.1151729822158811,-1.1383309364318848,2301
0,0.0,-1.1339811086654663,-1.1383309364318848,2301
0,0.0,-1.1796127557754517,-1.1383309364318848,2301
0,0.0,-1.1253293752670288,-1.1383309364318848,2301
0,0.0,-1.144207239151001,-1.1383309364318848,2301
0,0.0,-1.2150620222091677,-1.1383309364318848,2301
0,0.0,-1.119786024093628,-1.1383309364318848,2301
0,0.0,-1.1658573150634766,-1.1383309364318848,2301
0,0.0,-1.1578654050827026,-1.1383309364318848,2301
0,0.0,-1.094305396080017,-1.1383309364318848,2301
0,0.0,-1.2201858758926392,-1.1383309364318848,2301
0,0.0,-1.0920814275741575,-1.1383309364318848,2301
0,0.0,-1.1315068006515503,-1.1383309364318848,2301
0,0.0,-1.1040881872177124,-1.1383309364318848,2301
0,0.0,-1.1140975952148438,-1.1383309364318848,2301
0,0.0,-1.168970823287964,-1.1383309364318848,2301
0,0.0,-1.1673976182937622,-1.1383309364318848,2301
0,0.0,-1.1030820608139038,-1.1383309364318848,2301
0,0.0,-1.1262199878692627,-1.1383309364318848,2301
0,0.0,-1.1210099458694458,-1.1383309364318848,2301
0,0.0,-1.691341519355774,-1.7441282272338867,2401
0,0.0,-1.7102675437927246,-1.7441282272338867,2401
0,0.0,-1.738685965538025,-1.7441282272338867,2401
0,0.0,-1.7232211828231812,-1.7441282272338867,2401
0,0.0,-1.765581727027893,-1.7441282272338867,2401
0,0.0,-1.7246100902557373,-1.7441282272338867,2401
0,0.0,-1.7630107402801514,-1.7441282272338867,2401
0,0.0,-1.7535896301269531,-1.7441282272338867,2401
0,0.0,-1.7021404504776,-1.7441282272338867,2401
0,0.0,-1.7325140237808228,-1.7441282272338867,2401
0,0.0,-1.6620773077011108,-1.7441282272338867,2401
0,0.0,-1.7593578100204468,-1.7441282272338867,2401
0,0.0,-1.728064775466919,-1.7441282272338867,2401
0,0.0,-1.791407346725464,-1.7441282272338867,2401
0,0.0,-1.7210023403167725,-1.7441282272338867,2401
0,0.0,-1.7201873064041138,-1.7441282272338867,2401
0,0.0,-1.7805980443954468,-1.7441282272338867,2401
0,0.0,-1.7756836414337158,-1.7441282272338867,2401
0,0.0,-1.7699757814407349,-1.7441282272338867,2401
0,0.0,-1.7790015935897827,-1.7441282272338867,2401
0,0.0,-1.8420498371124268,-1.7441282272338867,2401
0,0.0,-1.7204686403274536,-1.7441282272338867,2401
0,0.0,-1.707778811454773,-1.7441282272338867,2401
0,0.0,-1.7261487245559692,-1.7441282272338867,2401
0,0.0,-1.8025528192520144,-1.7441282272338867,2401
0,0.0,-1.6982911825180054,-1.7441282272338867,2401
0,0.0,-1.733832836151123,-1.7441282272338867,2401
0,0.0,-1.7422736883163452,-1.7441282272338867,2401
0,0.0,-1.769261360168457,-1.7441282272338867,2401
0,0.0,-1.716396450996399,-1.7441282272338867,2401
0,0.0,-1.5872653722763062,-1.55247962474823,2501
0,0.0,-1.5843690633773804,-1.55247962474823,2501
0,0.0,-1.5277549028396606,-1.55247962474823,2501
0,0.0,-1.521379828453064,-1.55247962474823,2501
0,0.0,-1.5939267873764038,-1.55247962474823,2501
0,0.0,-1.5632308721542358,-1.55247962474823,2501
0,0.0,-1.509689211845398,-1.55247962474823,2501
0,0.0,-1.5644898414611816,-1.55247962474823,2501
0,0.0,-1.5136629343032837,-1.55247962474823,2501
0,0.0,-1.5634657144546509,-1.55247962474823,2501
0,0.0,-1.6663471460342407,-1.55247962474823,2501
0,0.0,-1.5376019477844238,-1.55247962474823,2501
0,0.0,-1.5402873754501345,-1.55247962474823,2501
0,0.0,-1.5677896738052368,-1.55247962474823,2501
0,0.0,-1.5330579280853271,-1.55247962474823,2501
0,0.0,-1.5968412160873413,-1.55247962474823,2501
0,0.0,-1.5148181915283203,-1.55247962474823,2501
0,0.0,-1.5485786199569702,-1.55247962474823,2501
0,0.0,-1.5859421491622925,-1.55247962474823,2501
0,0.0,-1.562731385231018,-1.55247962474823,2501
0,0.0,-1.5649832487106323,-1.55247962474823,2501
0,0.0,-1.5247268676757812,-1.55247962474823,2501
0,0.0,-1.5856034755706787,-1.55247962474823,2501
0,0.0,-1.589633822441101,-1.55247962474823,2501
0,0.0,-1.59355366230011,-1.55247962474823,2501
0,0.0,-1.54710853099823,-1.55247962474823,2501
0,0.0,-1.4500521421432495,-1.55247962474823,2501
0,0.0,-1.5963464975357056,-1.55247962474823,2501
0,0.0,-1.5297601222991943,-1.55247962474823,2501
0,0.0,-1.593359112739563,-1.55247962474823,2501
0,0.0,-1.4339097738265991,-1.445099711418152,2601
0,0.0,-1.4022480249404907,-1.445099711418152,2601
0,0.0,-1.3651225566864014,-1.445099711418152,2601
0,0.0,-1.423735499382019,-1.445099711418152,2601
0,0.0,-1.376827597618103,-1.445099711418152,2601
0,0.0,-1.3634896278381348,-1.445099711418152,2601
0,0.0,-1.408839464187622,-1.445099711418152,2601
0,0.0,-1.3888674974441528,-1.445099711418152,2601
0,0.0,-1.455891251564026,-1.445099711418152,2601
0,0.0,-1.4295302629470823,-1.445099711418152,2601
0,0.0,-1.4960205554962158,-1.445099711418152,2601
0,0.0,-1.4173742532730105,-1.445099711418152,2601
0,0.0,-1.4312230348587036,-1.445099711418152,2601
0,0.0,-1.3886555433273315,-1.445099711418152,2601
0,0.0,-1.3627148866653442,-1.445099711418152,2601
0,0.0,-1.428377628326416,-1.445099711418152,2601
0,0.0,-1.391413927078247,-1.445099711418152,2601
0,0.0,-1.48855459690094,-1.445099711418152,2601
0,0.0,-1.433810114860535,-1.445099711418152,2601
0,0.0,-1.405465841293335,-1.445099711418152,2601
0,0.0,-1.457497239112854,-1.445099711418152,2601
0,0.0,-1.435047626495361,-1.445099711418152,2601
0,0.0,-1.3782697916030884,-1.445099711418152,2601
0,0.0,-1.371141791343689,-1.445099711418152,2601
0,0.0,-1.401585578918457,-1.445099711418152,2601
0,0.0,-1.4119771718978882,-1.445099711418152,2601
0,0.0,-1.4332321882247925,-1.445099711418152,2601
0,0.0,-1.4550646543502808,-1.445099711418152,2601
0,0.0,-1.4053421020507812,-1.445099711418152,2601
0,0.0,-1.3752063512802124,-1.445099711418152,2601
0,0.0,-1.4034712314605713,-1.3760930299758911,2701
0,0.0,-1.3471964597702026,-1.3760930299758911,2701
0,0.0,-1.3625749349594116,-1.3760930299758911,2701
0,0.0,-1.359282612800598,-1.3760930299758911,2701
0,0.0,-1.4287683963775637,-1.3760930299758911,2701
0,0.0,-1.3446065187454224,-1.3760930299758911,2701
0,0.0,-1.3861976861953735,-1.3760930299758911,2701
0,0.0,-1.3742612600326538,-1.3760930299758911,2701
0,0.0,-1.376939296722412,-1.3760930299758911,2701
0,0.0,-1.400396466255188,-1.3760930299758911,2701
0,0.0,-1.4159566164016724,-1.3760930299758911,2701
0,0.0,-1.334675431251526,-1.3760930299758911,2701
0,0.0,-1.4019101858139038,-1.3760930299758911,2701
0,0.0,-1.3110175132751465,-1.3760930299758911,2701
0,0.0,-1.3854753971099854,-1.3760930299758911,2701
0,0.0,-1.408606767654419,-1.3760930299758911,2701
0,0.0,-1.37059223651886,-1.3760930299758911,2701
0,0.0,-1.3474738597869873,-1.3760930299758911,2701
0,0.0,-1.3672733306884766,-1.3760930299758911,2701
0,0.0,-1.3307418823242188,-1.3760930299758911,2701
0,0.0,-1.356536626815796,-1.3760930299758911,2701
0,0.0,-1.4245063066482544,-1.3760930299758911,2701
0,0.0,-1.4029206037521362,-1.3760930299758911,2701
0,0.0,-1.3456922769546509,-1.3760930299758911,2701
0,0.0,-1.349704384803772,-1.3760930299758911,2701
0,0.0,-1.3960310220718384,-1.3760930299758911,2701
0,0.0,-1.4151936769485474,-1.3760930299758911,2701
0,0.0,-1.3567160367965698,-1.3760930299758911,2701
0,0.0,-1.3571125268936155,-1.3760930299758911,2701
0,0.0,-1.3707534074783323,-1.3760930299758911,2701
0,0.0,-1.263558030128479,-1.2763441801071167,2801
0,0.0,-1.223785400390625,-1.2763441801071167,2801
0,0.0,-1.2535480260849,-1.2763441801071167,2801
0,0.0,-1.2288089990615845,-1.2763441801071167,2801
0,0.0,-1.3222026824951172,-1.2763441801071167,2801
0,0.0,-1.268985390663147,-1.2763441801071167,2801
0,0.0,-1.2159790992736816,-1.2763441801071167,2801
0,0.0,-1.2292355298995972,-1.2763441801071167,2801
0,0.0,-1.223160743713379,-1.2763441801071167,2801
0,0.0,-1.2679784297943115,-1.2763441801071167,2801
0,0.0,-1.1821233034133911,-1.2763441801071167,2801
0,0.0,-1.2274742126464844,-1.2763441801071167,2801
0,0.0,-1.2839230298995972,-1.2763441801071167,2801
0,0.0,-1.238155961036682,-1.2763441801071167,2801
0,0.0,-1.2946571111679075,-1.2763441801071167,2801
0,0.0,-1.2843271493911743,-1.2763441801071167,2801
0,0.0,-1.2548189163208008,-1.2763441801071167,2801
0,0.0,-1.268210530281067,-1.2763441801071167,2801
0,0.0,-1.2279777526855469,-1.2763441801071167,2801
0,0.0,-1.2759430408477783,-1.2763441801071167,2801
0,0.0,-1.2355599403381348,-1.2763441801071167,2801
0,0.0,-1.2237173318862915,-1.2763441801071167,2801
0,0.0,-1.3129767179489136,-1.2763441801071167,2801
0,0.0,-1.2363520860671997,-1.2763441801071167,2801
0,0.0,-1.2534596920013428,-1.2763441801071167,2801
0,0.0,-1.198006510734558,-1.2763441801071167,2801
0,0.0,-1.226728439331055,-1.2763441801071167,2801
0,0.0,-1.2468897104263306,-1.2763441801071167,2801
0,0.0,-1.2831121683120728,-1.2763441801071167,2801
0,0.0,-1.2112494707107544,-1.2763441801071167,2801
0,0.0,-1.3219900131225586,-1.3377196788787842,2901
0,0.0,-1.3286312818527222,-1.3377196788787842,2901
0,0.0,-1.3483346700668335,-1.3377196788787842,2901
0,0.0,-1.3643956184387207,-1.3377196788787842,2901
0,0.0,-1.3666523694992063,-1.3377196788787842,2901
0,0.0,-1.353706955909729,-1.3377196788787842,2901
0,0.0,-1.332362413406372,-1.3377196788787842,2901
0,0.0,-1.2935501337051392,-1.3377196788787842,2901
0,0.0,-1.3225854635238647,-1.3377196788787842,2901
0,0.0,-1.345850110054016,-1.3377196788787842,2901
0,0.0,-1.3153892755508425,-1.3377196788787842,2901
0,0.0,-1.2754141092300415,-1.3377196788787842,2901
0,0.0,-1.3366721868515017,-1.3377196788787842,2901
0,0.0,-1.290026068687439,-1.3377196788787842,2901
0,0.0,-1.316910743713379,-1.3377196788787842,2901
0,0.0,-1.3397279977798462,-1.3377196788787842,2901
0,0.0,-1.2487281560897827,-1.3377196788787842,2901
0,0.0,-1.2341018915176392,-1.3377196788787842,2901
0,0.0,-1.2971177101135254,-1.3377196788787842,2901
0,0.0,-1.2607883214950562,-1.3377196788787842,2901
0,0.0,-1.2741787433624268,-1.3377196788787842,2901
0,0.0,-1.39618718624115,-1.3377196788787842,2901
0,0.0,-1.300320744514465,-1.3377196788787842,2901
0,0.0,-1.3085817098617554,-1.3377196788787842,2901
0,0.0,-1.300861954689026,-1.3377196788787842,2901
0,0.0,-1.2917875051498413,-1.3377196788787842,2901
0,0.0,-1.3384841680526731,-1.3377196788787842,2901
0,0.0,-1.2848550081253052,-1.3377196788787842,2901
0,0.0,-1.3797588348388672,-1.3377196788787842,2901
0,0.0,-1.2493962049484253,-1.3377196788787842,2901
2,0.2,-0.8649107813835144,-0.8853067755699158,1
2,0.2,-0.8866856098175049,-0.8853067755699158,1
2,0.2,-0.8866146802902222,-0.8853067755699158,1
2,0.2,-0.8825569748878479,-0.8853067755699158,1
2,0.2,-0.8669360280036926,-0.8853067755699158,1
2,0.2,-0.869511067867279,-0.8853067755699158,1
2,0.2,-0.8193022608757019,-0.8853067755699158,1
2,0.2,-0.8758954405784607,-0.8853067755699158,1
2,0.2,-0.8806074261665344,-0.8853067755699158,1
2,0.2,-0.872330904006958,-0.8853067755699158,1
2,0.2,-0.8914109468460083,-0.8853067755699158,1
2,0.2,-0.908157467842102,-0.8853067755699158,1
2,0.2,-0.8525632619857788,-0.8853067755699158,1
2,0.2,-0.9524950385093688,-0.8853067755699158,1
2,0.2,-0.8935146927833557,-0.8853067755699158,1
2,0.2,-0.8776612877845764,-0.8853067755699158,1
2,0.2,-0.8579578399658203,-0.8853067755699158,1
2,0.2,-0.8801926970481873,-0.8853067755699158,1
2,0.2,-0.8825527429580688,-0.8853067755699158,1
2,0.2,-0.8780787587165833,-0.8853067755699158,1
2,0.2,-0.9081732630729676,-0.8853067755699158,1
2,0.2,-0.8852970600128174,-0.8853067755699158,1
2,0.2,-0.8480516076087952,-0.8853067755699158,1
2,0.2,-0.895285427570343,-0.8853067755699158,1
2,0.2,-0.8849040865898132,-0.8853067755699158,1
2,0.2,-0.8748348355293274,-0.8853067755699158,1
2,0.2,-0.9174410104751588,-0.8853067755699158,1
2,0.2,-0.9010879397392272,-0.8853067755699158,1
2,0.2,-0.8678168654441833,-0.8853067755699158,1
2,0.2,-0.9021750092506408,-0.8853067755699158,1
2,0.2,-0.9480530023574828,-0.93894225358963,101
2,0.2,-0.926109254360199,-0.93894225358963,101
2,0.2,-0.9654959440231324,-0.93894225358963,101
2,0.2,-0.9337685108184814,-0.93894225358963,101
2,0.2,-0.919361650943756,-0.93894225358963,101
2,0.2,-0.9271940588951112,-0.93894225358963,101
2,0.2,-0.9371182918548584,-0.93894225358963,101
2,0.2,-0.9256725907325744,-0.93894225358963,101
2,0.2,-0.9236471056938172,-0.93894225358963,101
2,0.2,-0.9082693457603456,-0.93894225358963,101
2,0.2,-0.8770532011985779,-0.93894225358963,101
2,0.2,-0.9242022633552552,-0.93894225358963,101
2,0.2,-0.9133254289627076,-0.93894225358963,101
2,0.2,-0.9296038150787354,-0.93894225358963,101
2,0.2,-0.9315674901008606,-0.93894225358963,101
2,0.2,-0.91191965341568,-0.93894225358963,101
2,0.2,-0.944726288318634,-0.93894225358963,101
2,0.2,-0.935286283493042,-0.93894225358963,101
2,0.2,-0.9967477917671204,-0.93894225358963,101
2,0.2,-0.9155581593513488,-0.93894225358963,101
2,0.2,-0.8577942252159119,-0.93894225358963,101
2,0.2,-0.9127162098884584,-0.93894225358963,101
2,0.2,-0.9362414479255676,-0.93894225358963,101
2,0.2,-0.9691953659057616,-0.93894225358963,101
2,0.2,-0.9746538400650024,-0.93894225358963,101
2,0.2,-0.9775733351707458,-0.93894225358963,101
2,0.2,-0.9005827903747559,-0.93894225358963,101
2,0.2,-0.9130013585090636,-0.93894225358963,101
2,0.2,-0.9067026972770692,-0.93894225358963,101
2,0.2,-0.9373013377189636,-0.93894225358963,101
2,0.2,-0.8212315440177917,-0.8623045682907104,201
2,0.2,-0.8930273652076721,-0.8623045682907104,201
2,0.2,-0.8220090866088867,-0.8623045682907104,201
2,0.2,-0.8203795552253723,-0.8623045682907104,201
2,0.2,-0.8605349063873291,-0.8623045682907104,201
2,0.2,-0.8426885604858398,-0.8623045682907104,201
2,0.2,-0.8069580793380737,-0.8623045682907104,201
2,0.2,-0.8886396884918213,-0.8623045682907104,201
2,0.2,-0.848051130771637,-0.8623045682907104,201
2,0.2,-0.8849878907203674,-0.8623045682907104,201
2,0.2,-0.8268315196037292,-0.8623045682907104,201
2,0.2,-0.8870954513549805,-0.8623045682907104,201
2,0.2,-0.8569568991661072,-0.8623045682907104,201
2,0.2,-0.8117250800132751,-0.8623045682907104,201
2,0.2,-0.8454229235649109,-0.8623045682907104,201
2,0.2,-0.8483032584190369,-0.8623045682907104,201
2,0.2,-0.8422842621803284,-0.8623045682907104,201
2,0.2,-0.8321353197097778,-0.8623045682907104,201
2,0.2,-0.8228079676628113,-0.8623045682907104,201
2,0.2,-0.8224031329154968,-0.8623045682907104,201
2,0.2,-0.8728327751159668,-0.8623045682907104,201
2,0.2,-0.8075680136680603,-0.8623045682907104,201
2,0.2,-0.853327214717865,-0.8623045682907104,201
2,0.2,-0.8384333252906799,-0.8623045682907104,201
2,0.2,-0.847693145275116,-0.8623045682907104,201
2,0.2,-0.80159592628479,-0.8623045682907104,201
2,0.2,-0.8246889710426331,-0.8623045682907104,201
2,0.2,-0.8623898029327393,-0.8623045682907104,201
2,0.2,-0.835112452507019,-0.8623045682907104,201
2,0.2,-0.8871075510978699,-0.8623045682907104,201
2,0.2,-0.6895818710327148,-0.6321735382080078,301
2,0.2,-0.6773709654808044,-0.6321735382080078,301
2,0.2,-0.6995318531990051,-0.6321735382080078,301
2,0.2,-0.6600756049156189,-0.6321735382080078,301
2,0.2,-0.6784694790840149,-0.6321735382080078,301
2,0.2,-0.6868409514427185,-0.6321735382080078,301
2,0.2,-0.6682729125022888,-0.6321735382080078,301
2,0.2,-0.6641674637794495,-0.6321735382080078,301
2,0.2,-0.6631417870521545,-0.6321735382080078,301
2,0.2,-0.6758612990379333,-0.6321735382080078,301
2,0.2,-0.6735147833824158,-0.6321735382080078,301
2,0.2,-0.6748868227005005,-0.6321735382080078,301
2,0.2,-0.6747670769691467,-0.6321735382080078,301
2,0.2,-0.6786114573478699,-0.6321735382080078,301
2,0.2,-0.6739851236343384,-0.6321735382080078,301
2,0.2,-0.7214822173118591,-0.6321735382080078,301
2,0.2,-0.7275614142417908,-0.6321735382080078,301
2,0.2,-0.6804001927375793,-0.6321735382080078,301
2,0.2,-0.6808899641036987,-0.6321735382080078,301
2,0.2,-0.668297290802002,-0.6321735382080078,301
2,0.2,-0.6493182182312012,-0.6321735382080078,301
2,0.2,-0.6655266880989075,-0.6321735382080078,301
2,0.2,-0.6790929436683655,-0.6321735382080078,301
2,0.2,-0.6594008803367615,-0.6321735382080078,301
2,0.2,-0.6644477248191833,-0.6321735382080078,301
2,0.2,-0.7512473464012146,-0.6321735382080078,301
2,0.2,-0.6980414986610413,-0.6321735382080078,301
2,0.2,-0.682223916053772,-0.6321735382080078,301
2,0.2,-0.678192675113678,-0.6321735382080078,301
2,0.2,-0.6743690371513367,-0.6321735382080078,301
2,0.2,-0.8581120371818542,-0.7779268026351929,401
2,0.2,-0.7950505614280701,-0.7779268026351929,401
2,0.2,-0.8047000169754028,-0.7779268026351929,401
2,0.2,-0.8199669122695923,-0.7779268026351929,401
2,0.2,-0.7912469506263733,-0.7779268026351929,401
2,0.2,-0.8056054711341858,-0.7779268026351929,401
2,0.2,-0.774837851524353,-0.7779268026351929,401
2,0.2,-0.8013335466384888,-0.7779268026351929,401
2,0.2,-0.7879165410995483,-0.7779268026351929,401
2,0.2,-0.8455753326416016,-0.7779268026351929,401
2,0.2,-0.8705155849456787,-0.7779268026351929,401
2,0.2,-0.757767379283905,-0.7779268026351929,401
2,0.2,-0.7854838967323303,-0.7779268026351929,401
2,0.2,-0.7936974167823792,-0.7779268026351929,401
2,0.2,-0.7968195080757141,-0.7779268026351929,401
2,0.2,-0.8007230162620544,-0.7779268026351929,401
2,0.2,-0.7612619996070862,-0.7779268026351929,401
2,0.2,-0.8208709359169006,-0.7779268026351929,401
2,0.2,-0.7919987440109253,-0.7779268026351929,401
2,0.2,-0.8348488807678223,-0.7779268026351929,401
2,0.2,-0.8733270168304443,-0.7779268026351929,401
2,0.2,-0.8360034227371216,-0.7779268026351929,401
2,0.2,-0.8144082427024841,-0.7779268026351929,401
2,0.2,-0.7764699459075928,-0.7779268026351929,401
2,0.2,-0.7897300124168396,-0.7779268026351929,401
2,0.2,-0.78948575258255,-0.7779268026351929,401
2,0.2,-0.7896854281425476,-0.7779268026351929,401
2,0.2,-0.828972578048706,-0.7779268026351929,401
2,0.2,-0.8264413475990295,-0.7779268026351929,401
2,0.2,-0.8306779265403748,-0.7779268026351929,401
2,0.2,-0.773285448551178,-0.8545644879341125,501
2,0.2,-0.810964822769165,-0.8545644879341125,501
2,0.2,-0.7755450010299683,-0.8545644879341125,501
2,0.2,-0.8040007948875427,-0.8545644879341125,501
2,0.2,-0.7714609503746033,-0.8545644879341125,501
2,0.2,-0.7988291382789612,-0.8545644879341125,501
2,0.2,-0.7889358401298523,-0.8545644879341125,501
2,0.2,-0.7635828256607056,-0.8545644879341125,501
2,0.2,-0.7621986269950867,-0.8545644879341125,501
2,0.2,-0.7890147566795349,-0.8545644879341125,501
2,0.2,-0.8178534507751465,-0.8545644879341125,501
2,0.2,-0.7624335289001465,-0.8545644879341125,501
2,0.2,-0.8312591910362244,-0.8545644879341125,501
2,0.2,-0.7694563865661621,-0.8545644879341125,501
2,0.2,-0.7891051173210144,-0.8545644879341125,501
2,0.2,-0.8241472840309143,-0.8545644879341125,501
2,0.2,-0.8583150506019592,-0.8545644879341125,501
2,0.2,-0.7771271467208862,-0.8545644879341125,501
2,0.2,-0.8151128888130188,-0.8545644879341125,501
2,0.2,-0.8342944979667664,-0.8545644879341125,501
2,0.2,-0.7815316319465637,-0.8545644879341125,501
2,0.2,-0.8230418562889099,-0.8545644879341125,501
2,0.2,-0.8259212374687195,-0.8545644879341125,501
2,0.2,-0.7750005125999451,-0.8545644879341125,501
2,0.2,-0.8143130540847778,-0.8545644879341125,501
2,0.2,-0.8079034090042114,-0.8545644879341125,501
2,0.2,-0.8082517981529236,-0.8545644879341125,501
2,0.2,-0.8055139183998108,-0.8545644879341125,501
2,0.2,-0.7916029095649719,-0.8545644879341125,501
2,0.2,-0.824968695640564,-0.8545644879341125,501
2,0.2,-1.2304450273513794,-1.2917152643203735,601
2,0.2,-1.175021767616272,-1.2917152643203735,601
2,0.2,-1.1289323568344116,-1.2917152643203735,601
2,0.2,-1.225733518600464,-1.2917152643203735,601
2,0.2,-1.1886590719223022,-1.2917152643203735,601
2,0.2,-1.1580194234848022,-1.2917152643203735,601
2,0.2,-1.1773062944412231,-1.2917152643203735,601
2,0.2,-1.2111735343933103,-1.2917152643203735,601
2,0.2,-1.185236930847168,-1.2917152643203735,601
2,0.2,-1.1967881917953491,-1.2917152643203735,601
2,0.2,-1.234602928161621,-1.2917152643203735,601
2,0.2,-1.2024298906326294,-1.2917152643203735,601
2,0.2,-1.1647270917892456,-1.2917152643203735,601
2,0.2,-1.1728497743606567,-1.2917152643203735,601
2,0.2,-1.1655439138412476,-1.2917152643203735,601
2,0.2,-1.1611653566360474,-1.2917152643203735,601
2,0.2,-1.179055094718933,-1.2917152643203735,601
2,0.2,-1.1895430088043213,-1.2917152643203735,601
2,0.2,-1.2543106079101562,-1.2917152643203735,601
2,0.2,-1.222901463508606,-1.2917152643203735,601
2,0.2,-1.147892951965332,-1.2917152643203735,601
2,0.2,-1.1528950929641724,-1.2917152643203735,601
2,0.2,-1.1882904767990112,-1.2917152643203735,601
2,0.2,-1.1570318937301636,-1.2917152643203735,601
2,0.2,-1.1522191762924194,-1.2917152643203735,601
2,0.2,-1.1835492849349976,-1.2917152643203735,601
2,0.2,-1.1274092197418213,-1.2917152643203735,601
2,0.2,-1.1405624151229858,-1.2917152643203735,601
2,0.2,-1.17202627658844,-1.2917152643203735,601
2,0.2,-1.1743253469467163,-1.2917152643203735,601
2,0.2,-1.0006636381149292,-1.0003178119659424,701
2,0.2,-0.9317684769630432,-1.0003178119659424,701
2,0.2,-0.9630562663078308,-1.0003178119659424,701
2,0.2,-0.9667197465896606,-1.0003178119659424,701
2,0.2,-0.9959961771965028,-1.0003178119659424,701
2,0.2,-0.9936433434486388,-1.0003178119659424,701
2,0.2,-0.9775111079216005,-1.0003178119659424,701
2,0.2,-0.9655736088752748,-1.0003178119659424,701
2,0.2,-0.9646013379096984,-1.0003178119659424,701
2,0.2,-0.9947205185890198,-1.0003178119659424,701
2,0.2,-1.053236484527588,-1.0003178119659424,701
2,0.2,-1.0455042123794556,-1.0003178119659424,701
2,0.2,-1.0114508867263794,-1.0003178119659424,701
2,0.2,-0.983785092830658,-1.0003178119659424,701
2,0.2,-1.0083684921264648,-1.0003178119659424,701
2,0.2,-0.9867393374443054,-1.0003178119659424,701
2,0.2,-0.9952241778373718,-1.0003178119659424,701
2,0.2,-0.974132001399994,-1.0003178119659424,701
2,0.2,-0.9761493802070618,-1.0003178119659424,701
2,0.2,-0.9867059588432312,-1.0003178119659424,701
2,0.2,-1.0383436679840088,-1.0003178119659424,701
2,0.2,-1.0439037084579468,-1.0003178119659424,701
2,0.2,-0.9818883538246156,-1.0003178119659424,701
2,0.2,-0.9945160746574402,-1.0003178119659424,701
2,0.2,-0.9644376635551452,-1.0003178119659424,701
2,0.2,-0.9764304161071776,-1.0003178119659424,701
2,0.2,-0.987579882144928,-1.0003178119659424,701
2,0.2,-0.973779022693634,-1.0003178119659424,701
2,0.2,-0.944851815700531,-1.0003178119659424,701
2,0.2,-1.0172942876815796,-1.0003178119659424,701
2,0.2,-0.7486650347709656,-0.7241823077201843,801
2,0.2,-0.7901220321655273,-0.7241823077201843,801
2,0.2,-0.7881807684898376,-0.7241823077201843,801
2,0.2,-0.803922712802887,-0.7241823077201843,801
2,0.2,-0.7542248964309692,-0.7241823077201843,801
2,0.2,-0.8142692446708679,-0.7241823077201843,801
2,0.2,-0.7887664437294006,-0.7241823077201843,801
2,0.2,-0.7833395600318909,-0.7241823077201843,801
2,0.2,-0.7849844694137573,-0.7241823077201843,801
2,0.2,-0.7600072026252747,-0.7241823077201843,801
2,0.2,-0.7828951478004456,-0.7241823077201843,801
2,0.2,-0.7666535377502441,-0.7241823077201843,801
2,0.2,-0.7737943530082703,-0.7241823077201843,801
2,0.2,-0.8008813261985779,-0.7241823077201843,801
2,0.2,-0.7674077749252319,-0.7241823077201843,801
2,0.2,-0.7237746119499207,-0.7241823077201843,801
2,0.2,-0.7396495342254639,-0.7241823077201843,801
2,0.2,-0.7511329054832458,-0.7241823077201843,801
2,0.2,-0.7528004050254822,-0.7241823077201843,801
2,0.2,-0.7919015288352966,-0.7241823077201843,801
2,0.2,-0.8219265341758728,-0.7241823077201843,801
2,0.2,-0.7977010607719421,-0.7241823077201843,801
2,0.2,-0.779046356678009,-0.7241823077201843,801
2,0.2,-0.7680811285972595,-0.7241823077201843,801
2,0.2,-0.7700477838516235,-0.7241823077201843,801
2,0.2,-0.7435116171836853,-0.7241823077201843,801
2,0.2,-0.7177326679229736,-0.7241823077201843,801
2,0.2,-0.7606754899024963,-0.7241823077201843,801
2,0.2,-0.7410598397254944,-0.7241823077201843,801
2,0.2,-0.7667814493179321,-0.7241823077201843,801
2,0.2,-0.7503315806388855,-0.7855579257011414,901
2,0.2,-0.7628254294395447,-0.7855579257011414,901
2,0.2,-0.810519278049469,-0.7855579257011414,901
2,0.2,-0.7952556014060974,-0.7855579257011414,901
2,0.2,-0.7696321606636047,-0.7855579257011414,901
2,0.2,-0.7887006402015686,-0.7855579257011414,901
2,0.2,-0.77938312292099,-0.7855579257011414,901
2,0.2,-0.8067764639854431,-0.7855579257011414,901
2,0.2,-0.7968158721923828,-0.7855579257011414,901
2,0.2,-0.7849000692367554,-0.7855579257011414,901
2,0.2,-0.7425616979598999,-0.7855579257011414,901
2,0.2,-0.8027017712593079,-0.7855579257011414,901
2,0.2,-0.7959837913513184,-0.7855579257011414,901
2,0.2,-0.748767077922821,-0.7855579257011414,901
2,0.2,-0.7915376424789429,-0.7855579257011414,901
2,0.2,-0.8112815618515015,-0.7855579257011414,901
2,0.2,-0.7542797327041626,-0.7855579257011414,901
2,0.2,-0.8487715125083923,-0.7855579257011414,901
2,0.2,-0.8011805415153503,-0.7855579257011414,901
2,0.2,-0.772431492805481,-0.7855579257011414,901
2,0.2,-0.7916274666786194,-0.7855579257011414,901
2,0.2,-0.7965686321258545,-0.7855579257011414,901
2,0.2,-0.7834708094596863,-0.7855579257011414,901
2,0.2,-0.7568590641021729,-0.7855579257011414,901
2,0.2,-0.8631846308708191,-0.7855579257011414,901
2,0.2,-0.7980636954307556,-0.7855579257011414,901
2,0.2,-0.7601677179336548,-0.7855579257011414,901
2,0.2,-0.8337336182594299,-0.7855579257011414,901
2,0.2,-0.800947904586792,-0.7855579257011414,901
2,0.2,-0.7449779510498047,-0.7855579257011414,901
2,0.2,-0.5329532027244568,-0.7779268026351929,1001
2,0.2,-0.5074934363365173,-0.7779268026351929,1001
2,0.2,-0.5233297944068909,-0.7779268026351929,1001
2,0.2,-0.5315991044044495,-0.7779268026351929,1001
2,0.2,-0.5211212038993835,-0.7779268026351929,1001
2,0.2,-0.5247583985328674,-0.7779268026351929,1001
2,0.2,-0.5858445763587952,-0.7779268026351929,1001
2,0.2,-0.5130680203437805,-0.7779268026351929,1001
2,0.2,-0.5784116387367249,-0.7779268026351929,1001
2,0.2,-0.5519775152206421,-0.7779268026351929,1001
2,0.2,-0.5370375514030457,-0.7779268026351929,1001
2,0.2,-0.5500456690788269,-0.7779268026351929,1001
2,0.2,-0.5164187550544739,-0.7779268026351929,1001
2,0.2,-0.5184252262115479,-0.7779268026351929,1001
2,0.2,-0.5090152621269226,-0.7779268026351929,1001
2,0.2,-0.5238482356071472,-0.7779268026351929,1001
2,0.2,-0.5395204424858093,-0.7779268026351929,1001
2,0.2,-0.5306644439697266,-0.7779268026351929,1001
2,0.2,-0.5377493500709534,-0.7779268026351929,1001
2,0.2,-0.5778579711914062,-0.7779268026351929,1001
2,0.2,-0.5392218828201294,-0.7779268026351929,1001
2,0.2,-0.5351079702377319,-0.7779268026351929,1001
2,0.2,-0.5382488965988159,-0.7779268026351929,1001
2,0.2,-0.5199817419052124,-0.7779268026351929,1001
2,0.2,-0.4825209975242615,-0.7779268026351929,1001
2,0.2,-0.5730201601982117,-0.7779268026351929,1001
2,0.2,-0.5589346289634705,-0.7779268026351929,1001
2,0.2,-0.5354614853858948,-0.7779268026351929,1001
2,0.2,-0.5532214641571045,-0.7779268026351929,1001
2,0.2,-0.5322655439376831,-0.7779268026351929,1001
2,0.2,-1.1462750434875488,-1.0846954584121704,1101
2,0.2,-1.1123294830322266,-1.0846954584121704,1101
2,0.2,-1.0544193983078003,-1.0846954584121704,1101
2,0.2,-1.182050347328186,-1.0846954584121704,1101
2,0.2,-1.1098464727401731,-1.0846954584121704,1101
2,0.2,-1.1299917697906494,-1.0846954584121704,1101
2,0.2,-1.165758490562439,-1.0846954584121704,1101
2,0.2,-1.1317015886306765,-1.0846954584121704,1101
2,0.2,-1.1962140798568726,-1.0846954584121704,1101
2,0.2,-1.1458358764648438,-1.0846954584121704,1101
2,0.2,-1.1510907411575315,-1.0846954584121704,1101
2,0.2,-1.128501534461975,-1.0846954584121704,1101
2,0.2,-1.0956741571426392,-1.0846954584121704,1101
2,0.2,-1.1169776916503906,-1.0846954584121704,1101
2,0.2,-1.0979678630828855,-1.0846954584121704,1101
2,0.2,-1.1178714036941528,-1.0846954584121704,1101
2,0.2,-1.1096017360687256,-1.0846954584121704,1101
2,0.2,-1.1299808025360107,-1.0846954584121704,1101
2,0.2,-1.11326801776886,-1.0846954584121704,1101
2,0.2,-1.0942023992538452,-1.0846954584121704,1101
2,0.2,-1.1373090744018557,-1.0846954584121704,1101
2,0.2,-1.1087400913238523,-1.0846954584121704,1101
2,0.2,-1.130120873451233,-1.0846954584121704,1101
2,0.2,-1.1087416410446167,-1.0846954584121704,1101
2,0.2,-1.1003161668777466,-1.0846954584121704,1101
2,0.2,-1.1181108951568604,-1.0846954584121704,1101
2,0.2,-1.0860999822616575,-1.0846954584121704,1101
2,0.2,-1.0944656133651731,-1.0846954584121704,1101
2,0.2,-1.1780157089233398,-1.0846954584121704,1101
2,0.2,-1.1208325624465942,-1.0846954584121704,1101
2,0.2,-1.1035667657852173,-1.06169331073761,1201
2,0.2,-1.1077221632003784,-1.06169331073761,1201
2,0.2,-1.0725270509719849,-1.06169331073761,1201
2,0.2,-1.147560954093933,-1.06169331073761,1201
2,0.2,-1.105440974235535,-1.06169331073761,1201
2,0.2,-1.1455175876617432,-1.06169331073761,1201
2,0.2,-1.0529136657714844,-1.06169331073761,1201
2,0.2,-1.0961453914642334,-1.06169331073761,1201
2,0.2,-1.084322452545166,-1.06169331073761,1201
2,0.2,-1.0518251657485962,-1.06169331073761,1201
2,0.2,-1.0789051055908203,-1.06169331073761,1201
2,0.2,-1.0824567079544067,-1.06169331073761,1201
2,0.2,-1.1058759689331057,-1.06169331073761,1201
2,0.2,-1.1115950345993042,-1.06169331073761,1201
2,0.2,-1.0908323526382446,-1.06169331073761,1201
2,0.2,-1.0735145807266235,-1.06169331073761,1201
2,0.2,-1.1277505159378052,-1.06169331073761,1201
2,0.2,-1.0267609357833862,-1.06169331073761,1201
2,0.2,-1.1020054817199707,-1.06169331073761,1201
2,0.2,-1.1242374181747437,-1.06169331073761,1201
2,0.2,-1.1179240942001345,-1.06169331073761,1201
2,0.2,-1.112454175949097,-1.06169331073761,1201
2,0.2,-1.040321946144104,-1.06169331073761,1201
2,0.2,-1.0535005331039429,-1.06169331073761,1201
2,0.2,-1.0340737104415894,-1.06169331073761,1201
2,0.2,-1.0942596197128296,-1.06169331073761,1201
2,0.2,-1.1197612285614014,-1.06169331073761,1201
2,0.2,-1.127550482749939,-1.06169331073761,1201
2,0.2,-1.1432629823684692,-1.06169331073761,1201
2,0.2,-1.1381165981292725,-1.06169331073761,1201
2,0.2,-0.6219692826271057,-0.5095314383506775,1301
2,0.2,-0.6336861252784729,-0.5095314383506775,1301
2,0.2,-0.6778213381767273,-0.5095314383506775,1301
2,0.2,-0.617293655872345,-0.5095314383506775,1301
2,0.2,-0.5912762880325317,-0.5095314383506775,1301
2,0.2,-0.6165295243263245,-0.5095314383506775,1301
2,0.2,-0.5838834047317505,-0.5095314383506775,1301
2,0.2,-0.6071774363517761,-0.5095314383506775,1301
2,0.2,-0.6231498122215271,-0.5095314383506775,1301
2,0.2,-0.6579858660697937,-0.5095314383506775,1301
2,0.2,-0.700420618057251,-0.5095314383506775,1301
2,0.2,-0.6349449753761292,-0.5095314383506775,1301
2,0.2,-0.6510473489761353,-0.5095314383506775,1301
2,0.2,-0.6352145671844482,-0.5095314383506775,1301
2,0.2,-0.6476962566375732,-0.5095314383506775,1301
2,0.2,-0.6401925683021545,-0.5095314383506775,1301
2,0.2,-0.6613482236862183,-0.5095314383506775,1301
2,0.2,-0.6441842913627625,-0.5095314383506775,1301
2,0.2,-0.626136839389801,-0.5095314383506775,1301
2,0.2,-0.6746691465377808,-0.5095314383506775,1301
2,0.2,-0.6053610444068909,-0.5095314383506775,1301
2,0.2,-0.6158038973808289,-0.5095314383506775,1301
2,0.2,-0.5965869426727295,-0.5095314383506775,1301
2,0.2,-0.577012836933136,-0.5095314383506775,1301
2,0.2,-0.7032989859580994,-0.5095314383506775,1301
2,0.2,-0.6615645289421082,-0.5095314383506775,1301
2,0.2,-0.6302716135978699,-0.5095314383506775,1301
2,0.2,-0.5862643122673035,-0.5095314383506775,1301
2,0.2,-0.6180875897407532,-0.5095314383506775,1301
2,0.2,-0.6202712059020996,-0.5095314383506775,1301
2,0.2,-0.6873189806938171,-0.6859180331230164,1401
2,0.2,-0.668725848197937,-0.6859180331230164,1401
2,0.2,-0.7328265309333801,-0.6859180331230164,1401
2,0.2,-0.7565842866897583,-0.6859180331230164,1401
2,0.2,-0.7076752781867981,-0.6859180331230164,1401
2,0.2,-0.7006494402885437,-0.6859180331230164,1401
2,0.2,-0.6833530068397522,-0.6859180331230164,1401
2,0.2,-0.6892791390419006,-0.6859180331230164,1401
2,0.2,-0.7127538919448853,-0.6859180331230164,1401
2,0.2,-0.7291799187660217,-0.6859180331230164,1401
2,0.2,-0.7109626531600952,-0.6859180331230164,1401
2,0.2,-0.7173160910606384,-0.6859180331230164,1401
2,0.2,-0.7001805901527405,-0.6859180331230164,1401
2,0.2,-0.7349978089332581,-0.6859180331230164,1401
2,0.2,-0.7701681852340698,-0.6859180331230164,1401
2,0.2,-0.7258384227752686,-0.6859180331230164,1401
2,0.2,-0.7001405358314514,-0.6859180331230164,1401
2,0.2,-0.6925875544548035,-0.6859180331230164,1401
2,0.2,-0.6729051470756531,-0.6859180331230164,1401
2,0.2,-0.7006441950798035,-0.6859180331230164,1401
2,0.2,-0.6816101670265198,-0.6859180331230164,1401
2,0.2,-0.6723809838294983,-0.6859180331230164,1401
2,0.2,-0.7720295190811157,-0.6859180331230164,1401
2,0.2,-0.6767389178276062,-0.6859180331230164,1401
2,0.2,-0.6696299910545349,-0.6859180331230164,1401
2,0.2,-0.7311851382255554,-0.6859180331230164,1401
2,0.2,-0.7480204701423645,-0.6859180331230164,1401
2,0.2,-0.7759071588516235,-0.6859180331230164,1401
2,0.2,-0.6925583481788635,-0.6859180331230164,1401
2,0.2,-0.7323055863380432,-0.6859180331230164,1401
2,0.2,-0.7336870431900024,-0.7089202404022217,1501
2,0.2,-0.717958390712738,-0.7089202404022217,1501
2,0.2,-0.6985985636711121,-0.7089202404022217,1501
2,0.2,-0.6967352628707886,-0.7089202404022217,1501
2,0.2,-0.7760977149009705,-0.7089202404022217,1501
2,0.2,-0.7077656984329224,-0.7089202404022217,1501
2,0.2,-0.6922412514686584,-0.7089202404022217,1501
2,0.2,-0.7460231184959412,-0.7089202404022217,1501
2,0.2,-0.7225854992866516,-0.7089202404022217,1501
2,0.2,-0.6719943284988403,-0.7089202404022217,1501
2,0.2,-0.6746214628219604,-0.7089202404022217,1501
2,0.2,-0.6757714152336121,-0.7089202404022217,1501
2,0.2,-0.7057316899299622,-0.7089202404022217,1501
2,0.2,-0.70594722032547,-0.7089202404022217,1501
2,0.2,-0.7147685885429382,-0.7089202404022217,1501
2,0.2,-0.7030717730522156,-0.7089202404022217,1501
2,0.2,-0.6402595639228821,-0.7089202404022217,1501
2,0.2,-0.7156113982200623,-0.7089202404022217,1501
2,0.2,-0.7066448926925659,-0.7089202404022217,1501
2,0.2,-0.6764455437660217,-0.7089202404022217,1501
2,0.2,-0.6789519190788269,-0.7089202404022217,1501
2,0.2,-0.7257404327392578,-0.7089202404022217,1501
2,0.2,-0.6784191727638245,-0.7089202404022217,1501
2,0.2,-0.6938806176185608,-0.7089202404022217,1501
2,0.2,-0.6912700533866882,-0.7089202404022217,1501
2,0.2,-0.672994077205658,-0.7089202404022217,1501
2,0.2,-0.6838106513023376,-0.7089202404022217,1501
2,0.2,-0.7453635334968567,-0.7089202404022217,1501
2,0.2,-0.7054491639137268,-0.7089202404022217,1501
2,0.2,-0.7148149609565735,-0.7089202404022217,1501
2,0.2,-0.6734611392021179,-0.6475446224212646,1601
2,0.2,-0.7118040919303894,-0.6475446224212646,1601
2,0.2,-0.651663601398468,-0.6475446224212646,1601
2,0.2,-0.7173957228660583,-0.6475446224212646,1601
2,0.2,-0.6717007756233215,-0.6475446224212646,1601
2,0.2,-0.6698144674301147,-0.6475446224212646,1601
2,0.2,-0.6898670792579651,-0.6475446224212646,1601
2,0.2,-0.6716268062591553,-0.6475446224212646,1601
2,0.2,-0.6866729855537415,-0.6475446224212646,1601
2,0.2,-0.6647660136222839,-0.6475446224212646,1601
2,0.2,-0.6821251511573792,-0.6475446224212646,1601
2,0.2,-0.6324872374534607,-0.6475446224212646,1601
2,0.2,-0.6533123254776001,-0.6475446224212646,1601
2,0.2,-0.6970263123512268,-0.6475446224212646,1601
2,0.2,-0.6807665228843689,-0.6475446224212646,1601
2,0.2,-0.7220686078071594,-0.6475446224212646,1601
2,0.2,-0.6881261467933655,-0.6475446224212646,1601
2,0.2,-0.6517277359962463,-0.6475446224212646,1601
2,0.2,-0.7222755551338196,-0.6475446224212646,1601
2,0.2,-0.6719189286231995,-0.6475446224212646,1601
2,0.2,-0.7016347050666809,-0.6475446224212646,1601
2,0.2,-0.7010294795036316,-0.6475446224212646,1601
2,0.2,-0.6931359171867371,-0.6475446224212646,1601
2,0.2,-0.6621131300926208,-0.6475446224212646,1601
2,0.2,-0.6965039372444153,-0.6475446224212646,1601
2,0.2,-0.7397952675819397,-0.6475446224212646,1601
2,0.2,-0.6343434453010559,-0.6475446224212646,1601
2,0.2,-0.6582521200180054,-0.6475446224212646,1601
2,0.2,-0.7565423846244812,-0.6475446224212646,1601
2,0.2,-0.6900691390037537,-0.6475446224212646,1601
2,0.2,-0.9093201756477356,-0.8469334244728088,1701
2,0.2,-0.8967262506484985,-0.8469334244728088,1701
2,0.2,-0.9231392741203308,-0.8469334244728088,1701
2,0.2,-0.9167782664299012,-0.8469334244728088,1701
2,0.2,-0.9363375306129456,-0.8469334244728088,1701
2,0.2,-0.9229828715324402,-0.8469334244728088,1701
2,0.2,-0.9695835709571838,-0.8469334244728088,1701
2,0.2,-0.9057740569114684,-0.8469334244728088,1701
2,0.2,-0.9021108150482178,-0.8469334244728088,1701
2,0.2,-0.9433466792106628,-0.8469334244728088,1701
2,0.2,-0.938361406326294,-0.8469334244728088,1701
2,0.2,-0.9440027475357056,-0.8469334244728088,1701
2,0.2,-0.9125822186470032,-0.8469334244728088,1701
2,0.2,-0.92827969789505,-0.8469334244728088,1701
2,0.2,-0.8862983584403992,-0.8469334244728088,1701
2,0.2,-0.8764444589614868,-0.8469334244728088,1701
2,0.2,-0.903519093990326,-0.8469334244728088,1701
2,0.2,-0.985712230205536,-0.8469334244728088,1701
2,0.2,-0.9663573503494264,-0.8469334244728088,1701
2,0.2,-0.9942224621772766,-0.8469334244728088,1701
2,0.2,-0.8776375651359558,-0.8469334244728088,1701
2,0.2,-0.907139241695404,-0.8469334244728088,1701
2,0.2,-0.9116633534431458,-0.8469334244728088,1701
2,0.2,-0.927463948726654,-0.8469334244728088,1701
2,0.2,-0.8904268145561218,-0.8469334244728088,1701
2,0.2,-0.9607959985733032,-0.8469334244728088,1701
2,0.2,-0.9410125613212584,-0.8469334244728088,1701
2,0.2,-0.9130572080612184,-0.8469334244728088,1701
2,0.2,-0.938672661781311,-0.8469334244728088,1701
2,0.2,-0.9464614987373352,-0.8469334244728088,1701
2,0.2,-0.8366042375564575,-0.954313337802887,1801
2,0.2,-0.8602278828620911,-0.954313337802887,1801
2,0.2,-0.8668802380561829,-0.954313337802887,1801
2,0.2,-0.8687610030174255,-0.954313337802887,1801
2,0.2,-0.8374744057655334,-0.954313337802887,1801
2,0.2,-0.8434916734695435,-0.954313337802887,1801
2,0.2,-0.9165816307067872,-0.954313337802887,1801
2,0.2,-0.8485852479934692,-0.954313337802887,1801
2,0.2,-0.842138946056366,-0.954313337802887,1801
2,0.2,-0.8848400712013245,-0.954313337802887,1801
2,0.2,-0.925354301929474,-0.954313337802887,1801
2,0.2,-0.8893596529960632,-0.954313337802887,1801
2,0.2,-0.8777817487716675,-0.954313337802887,1801
2,0.2,-0.9375080466270448,-0.954313337802887,1801
2,0.2,-0.8514239192008972,-0.954313337802887,1801
2,0.2,-0.8687411546707153,-0.954313337802887,1801
2,0.2,-0.8557596206665039,-0.954313337802887,1801
2,0.2,-0.8550360202789307,-0.954313337802887,1801
2,0.2,-0.8626798987388611,-0.954313337802887,1801
2,0.2,-0.9026793241500854,-0.954313337802887,1801
2,0.2,-0.8874538540840149,-0.954313337802887,1801
2,0.2,-0.8355861306190491,-0.954313337802887,1801
2,0.2,-0.872741162776947,-0.954313337802887,1801
2,0.2,-0.910841464996338,-0.954313337802887,1801
2,0.2,-0.8764353394508362,-0.954313337802887,1801
2,0.2,-0.8080127239227295,-0.954313337802887,1801
2,0.2,-0.8885920643806458,-0.954313337802887,1801
2,0.2,-0.9203539490699768,-0.954313337802887,1801
2,0.2,-0.919778048992157,-0.954313337802887,1801
2,0.2,-0.8802581429481506,-0.954313337802887,1801
2,0.2,-0.6888839602470398,-0.6859180331230164,1901
2,0.2,-0.7432361245155334,-0.6859180331230164,1901
2,0.2,-0.7572166323661804,-0.6859180331230164,1901
2,0.2,-0.7197346091270447,-0.6859180331230164,1901
2,0.2,-0.7350947260856628,-0.6859180331230164,1901
2,0.2,-0.7267546057701111,-0.6859180331230164,1901
2,0.2,-0.7246184945106506,-0.6859180331230164,1901
2,0.2,-0.7666334509849548,-0.6859180331230164,1901
2,0.2,-0.7209770083427429,-0.6859180331230164,1901
2,0.2,-0.7523366808891296,-0.6859180331230164,1901
2,0.2,-0.7622867226600647,-0.6859180331230164,1901
2,0.2,-0.7699348330497742,-0.6859180331230164,1901
2,0.2,-0.7718409895896912,-0.6859180331230164,1901
2,0.2,-0.7585871815681458,-0.6859180331230164,1901
2,0.2,-0.7499997019767761,-0.6859180331230164,1901
2,0.2,-0.7617293000221252,-0.6859180331230164,1901
2,0.2,-0.6973728537559509,-0.6859180331230164,1901
2,0.2,-0.7419995665550232,-0.6859180331230164,1901
2,0.2,-0.7409796118736267,-0.6859180331230164,1901
2,0.2,-0.7250382304191589,-0.6859180331230164,1901
2,0.2,-0.7368379831314087,-0.6859180331230164,1901
2,0.2,-0.7208756804466248,-0.6859180331230164,1901
2,0.2,-0.7571709752082825,-0.6859180331230164,1901
2,0.2,-0.7357680201530457,-0.6859180331230164,1901
2,0.2,-0.7420341968536377,-0.6859180331230164,1901
2,0.2,-0.7496702075004578,-0.6859180331230164,1901
2,0.2,-0.7395058274269104,-0.6859180331230164,1901
2,0.2,-0.7316057682037354,-0.6859180331230164,1901
2,0.2,-0.7863229513168335,-0.6859180331230164,1901
2,0.2,-0.7900946736335754,-0.6859180331230164,1901
2,0.2,-0.709462583065033,-0.7471845746040344,2001
2,0.2,-0.7231528162956238,-0.7471845746040344,2001
2,0.2,-0.7107675075531006,-0.7471845746040344,2001
2,0.2,-0.7333818078041077,-0.7471845746040344,2001
2,0.2,-0.7228798270225525,-0.7471845746040344,2001
2,0.2,-0.7558904886245728,-0.7471845746040344,2001
2,0.2,-0.7561185956001282,-0.7471845746040344,2001
2,0.2,-0.7129514217376709,-0.7471845746040344,2001
2,0.2,-0.7740798592567444,-0.7471845746040344,2001
2,0.2,-0.7159561514854431,-0.7471845746040344,2001
2,0.2,-0.7661392092704773,-0.7471845746040344,2001
2,0.2,-0.7745663523674011,-0.7471845746040344,2001
2,0.2,-0.7703409790992737,-0.7471845746040344,2001
2,0.2,-0.7671367526054382,-0.7471845746040344,2001
2,0.2,-0.7747530341148376,-0.7471845746040344,2001
2,0.2,-0.7137457728385925,-0.7471845746040344,2001
2,0.2,-0.7186005115509033,-0.7471845746040344,2001
2,0.2,-0.7177953124046326,-0.7471845746040344,2001
2,0.2,-0.7317450642585754,-0.7471845746040344,2001
2,0.2,-0.8060202598571777,-0.7471845746040344,2001
2,0.2,-0.7349179983139038,-0.7471845746040344,2001
2,0.2,-0.7211107015609741,-0.7471845746040344,2001
2,0.2,-0.7149822115898132,-0.7471845746040344,2001
2,0.2,-0.6882870197296143,-0.7471845746040344,2001
2,0.2,-0.7096173167228699,-0.7471845746040344,2001
2,0.2,-0.7547498941421509,-0.7471845746040344,2001
2,0.2,-0.7418261766433716,-0.7471845746040344,2001
2,0.2,-0.7432487607002258,-0.7471845746040344,2001
2,0.2,-0.7284747362136841,-0.7471845746040344,2001
2,0.2,-0.7853642106056213,-0.7471845746040344,2001
2,0.2,-0.7507882714271545,-0.7395535111427307,2101
2,0.2,-0.7225879430770874,-0.7395535111427307,2101
2,0.2,-0.7068841457366943,-0.7395535111427307,2101
2,0.2,-0.7075809836387634,-0.7395535111427307,2101
2,0.2,-0.6989420056343079,-0.7395535111427307,2101
2,0.2,-0.7203945517539978,-0.7395535111427307,2101
2,0.2,-0.6958267092704773,-0.7395535111427307,2101
2,0.2,-0.7699230313301086,-0.7395535111427307,2101
2,0.2,-0.7076500654220581,-0.7395535111427307,2101
2,0.2,-0.7479520440101624,-0.7395535111427307,2101
2,0.2,-0.7049166560173035,-0.7395535111427307,2101
2,0.2,-0.7832165360450745,-0.7395535111427307,2101
2,0.2,-0.7350553274154663,-0.7395535111427307,2101
2,0.2,-0.7412452697753906,-0.7395535111427307,2101
2,0.2,-0.7369521260261536,-0.7395535111427307,2101
2,0.2,-0.7031736373901367,-0.7395535111427307,2101
2,0.2,-0.7458630800247192,-0.7395535111427307,2101
2,0.2,-0.7603673934936523,-0.7395535111427307,2101
2,0.2,-0.7459591031074524,-0.7395535111427307,2101
2,0.2,-0.733709454536438,-0.7395535111427307,2101
2,0.2,-0.7236189246177673,-0.7395535111427307,2101
2,0.2,-0.6759808659553528,-0.7395535111427307,2101
2,0.2,-0.7221993207931519,-0.7395535111427307,2101
2,0.2,-0.7249330282211304,-0.7395535111427307,2101
2,0.2,-0.7272999882698059,-0.7395535111427307,2101
2,0.2,-0.7426377534866333,-0.7395535111427307,2101
2,0.2,-0.7165822982788086,-0.7395535111427307,2101
2,0.2,-0.7279767394065857,-0.7395535111427307,2101
2,0.2,-0.7173188924789429,-0.7395535111427307,2101
2,0.2,-0.6946763396263123,-0.7395535111427307,2101
2,0.2,-0.976015031337738,-0.9465732574462892,2201
2,0.2,-0.9301195740699768,-0.9465732574462892,2201
2,0.2,-1.0092638731002808,-0.9465732574462892,2201
2,0.2,-0.9516785740852356,-0.9465732574462892,2201
2,0.2,-0.9250709414482116,-0.9465732574462892,2201
2,0.2,-0.9725974798202516,-0.9465732574462892,2201
2,0.2,-0.9876882433891296,-0.9465732574462892,2201
2,0.2,-0.881815493106842,-0.9465732574462892,2201
2,0.2,-0.9124093055725098,-0.9465732574462892,2201
2,0.2,-0.9585465788841248,-0.9465732574462892,2201
2,0.2,-0.9691271781921388,-0.9465732574462892,2201
2,0.2,-0.9500962495803832,-0.9465732574462892,2201
2,0.2,-0.9480282664299012,-0.9465732574462892,2201
2,0.2,-0.995899260044098,-0.9465732574462892,2201
2,0.2,-0.8729982376098633,-0.9465732574462892,2201
2,0.2,-0.9234009385108948,-0.9465732574462892,2201
2,0.2,-0.9760692119598388,-0.9465732574462892,2201
2,0.2,-0.923556387424469,-0.9465732574462892,2201
2,0.2,-0.931822657585144,-0.9465732574462892,2201
2,0.2,-0.8972945809364319,-0.9465732574462892,2201
2,0.2,-0.9542272090911864,-0.9465732574462892,2201
2,0.2,-0.947668731212616,-0.9465732574462892,2201
2,0.2,-0.9758301973342896,-0.9465732574462892,2201
2,0.2,-0.9395890831947328,-0.9465732574462892,2201
2,0.2,-0.9771594405174256,-0.9465732574462892,2201
2,0.2,-0.9503624439239502,-0.9465732574462892,2201
2,0.2,-0.9554249048233032,-0.9465732574462892,2201
2,0.2,-0.9488348364830016,-0.9465732574462892,2201
2,0.2,-0.9850850701332092,-0.9465732574462892,2201
2,0.2,-0.9434464573860168,-0.9465732574462892,2201
2,0.2,-1.1297942399978638,-1.1383309364318848,2301
2,0.2,-1.151098608970642,-1.1383309364318848,2301
2,0.2,-1.1143176555633545,-1.1383309364318848,2301
2,0.2,-1.0782204866409302,-1.1383309364318848,2301
2,0.2,-1.1462814807891846,-1.1383309364318848,2301
2,0.2,-1.13597309589386,-1.1383309364318848,2301
2,0.2,-1.068555474281311,-1.1383309364318848,2301
2,0.2,-1.0779024362564087,-1.1383309364318848,2301
2,0.2,-1.1460325717926023,-1.1383309364318848,2301
2,0.2,-1.1293740272521973,-1.1383309364318848,2301
2,0.2,-1.111976981163025,-1.1383309364318848,2301
2,0.2,-1.198339343070984,-1.1383309364318848,2301
2,0.2,-1.0769582986831665,-1.1383309364318848,2301
2,0.2,-1.086103916168213,-1.1383309364318848,2301
2,0.2,-1.1018465757369995,-1.1383309364318848,2301
2,0.2,-1.116690754890442,-1.1383309364318848,2301
2,0.2,-1.089363932609558,-1.1383309364318848,2301
2,0.2,-1.1008069515228271,-1.1383309364318848,2301
2,0.2,-1.128954291343689,-1.1383309364318848,2301
2,0.2,-1.1491684913635254,-1.1383309364318848,2301
2,0.2,-1.1123459339141846,-1.1383309364318848,2301
2,0.2,-1.140480875968933,-1.1383309364318848,2301
2,0.2,-1.0952236652374268,-1.1383309364318848,2301
2,0.2,-1.1095112562179563,-1.1383309364318848,2301
2,0.2,-1.1800142526626587,-1.1383309364318848,2301
2,0.2,-1.1170109510421753,-1.1383309364318848,2301
2,0.2,-1.1177409887313845,-1.1383309364318848,2301
2,0.2,-1.1264804601669312,-1.1383309364318848,2301
2,0.2,-1.1224366426467896,-1.1383309364318848,2301
2,0.2,-1.1220026016235352,-1.1383309364318848,2301
2,0.2,-1.7127889394760132,-1.7441282272338867,2401
2,0.2,-1.68860924243927,-1.7441282272338867,2401
2,0.2,-1.755282998085022,-1.7441282272338867,2401
2,0.2,-1.7416614294052124,-1.7441282272338867,2401
2,0.2,-1.700161099433899,-1.7441282272338867,2401
2,0.2,-1.7031739950180054,-1.7441282272338867,2401
2,0.2,-1.6271315813064575,-1.7441282272338867,2401
2,0.2,-1.726809859275818,-1.7441282272338867,2401
2,0.2,-1.7310200929641724,-1.7441282272338867,2401
2,0.2,-1.7023757696151731,-1.7441282272338867,2401
2,0.2,-1.7548725605010986,-1.7441282272338867,2401
2,0.2,-1.706650733947754,-1.7441282272338867,2401
2,0.2,-1.7379521131515503,-1.7441282272338867,2401
2,0.2,-1.5885003805160522,-1.7441282272338867,2401
2,0.2,-1.700253129005432,-1.7441282272338867,2401
2,0.2,-1.674612283706665,-1.7441282272338867,2401
2,0.2,-1.7041951417922974,-1.7441282272338867,2401
2,0.2,-1.685895919799805,-1.7441282272338867,2401
2,0.2,-1.6736127138137815,-1.7441282272338867,2401
2,0.2,-1.6578649282455444,-1.7441282272338867,2401
2,0.2,-1.6425009965896606,-1.7441282272338867,2401
2,0.2,-1.636982798576355,-1.7441282272338867,2401
2,0.2,-1.7146152257919312,-1.7441282272338867,2401
2,0.2,-1.8259152173995967,-1.7441282272338867,2401
2,0.2,-1.7292879819869995,-1.7441282272338867,2401
2,0.2,-1.7057727575302124,-1.7441282272338867,2401
2,0.2,-1.7181950807571411,-1.7441282272338867,2401
2,0.2,-1.6590920686721802,-1.7441282272338867,2401
2,0.2,-1.6727263927459717,-1.7441282272338867,2401
2,0.2,-1.770905375480652,-1.7441282272338867,2401
2,0.2,-1.5356959104537964,-1.55247962474823,2501
2,0.2,-1.5532457828521729,-1.55247962474823,2501
2,0.2,-1.5525133609771729,-1.55247962474823,2501
2,0.2,-1.6129692792892456,-1.55247962474823,2501
2,0.2,-1.5874394178390503,-1.55247962474823,2501
2,0.2,-1.5206888914108276,-1.55247962474823,2501
2,0.2,-1.5382789373397827,-1.55247962474823,2501
2,0.2,-1.532831788063049,-1.55247962474823,2501
2,0.2,-1.5226575136184692,-1.55247962474823,2501
2,0.2,-1.6010092496871948,-1.55247962474823,2501
2,0.2,-1.541515827178955,-1.55247962474823,2501
2,0.2,-1.4640837907791138,-1.55247962474823,2501
2,0.2,-1.5422159433364868,-1.55247962474823,2501
2,0.2,-1.5413235425949097,-1.55247962474823,2501
2,0.2,-1.4994646310806274,-1.55247962474823,2501
2,0.2,-1.578068733215332,-1.55247962474823,2501
2,0.2,-1.4981580972671509,-1.55247962474823,2501
2,0.2,-1.5666837692260742,-1.55247962474823,2501
2,0.2,-1.5811424255371094,-1.55247962474823,2501
2,0.2,-1.583600640296936,-1.55247962474823,2501
2,0.2,-1.5579253435134888,-1.55247962474823,2501
2,0.2,-1.520927667617798,-1.55247962474823,2501
2,0.2,-1.5277620553970337,-1.55247962474823,2501
2,0.2,-1.558843731880188,-1.55247962474823,2501
2,0.2,-1.539380669593811,-1.55247962474823,2501
2,0.2,-1.5241960287094116,-1.55247962474823,2501
2,0.2,-1.4984396696090698,-1.55247962474823,2501
2,0.2,-1.5547481775283811,-1.55247962474823,2501
2,0.2,-1.5605331659317017,-1.55247962474823,2501
2,0.2,-1.525182008743286,-1.55247962474823,2501
2,0.2,-1.3762205839157104,-1.445099711418152,2601
2,0.2,-1.4134467840194702,-1.445099711418152,2601
2,0.2,-1.4243777990341189,-1.445099711418152,2601
2,0.2,-1.4837301969528198,-1.445099711418152,2601
2,0.2,-1.3771215677261353,-1.445099711418152,2601
2,0.2,-1.432506799697876,-1.445099711418152,2601
2,0.2,-1.378652811050415,-1.445099711418152,2601
2,0.2,-1.408648133277893,-1.445099711418152,2601
2,0.2,-1.330597162246704,-1.445099711418152,2601
2,0.2,-1.43356454372406,-1.445099711418152,2601
2,0.2,-1.4748769998550415,-1.445099711418152,2601
2,0.2,-1.4444172382354736,-1.445099711418152,2601
2,0.2,-1.4006928205490112,-1.445099711418152,2601
2,0.2,-1.438850998878479,-1.445099711418152,2601
2,0.2,-1.3860775232315063,-1.445099711418152,2601
2,0.2,-1.454323172569275,-1.445099711418152,2601
2,0.2,-1.3922675848007202,-1.445099711418152,2601
2,0.2,-1.383099913597107,-1.445099711418152,2601
2,0.2,-1.4061375856399536,-1.445099711418152,2601
2,0.2,-1.385124444961548,-1.445099711418152,2601
2,0.2,-1.409030556678772,-1.445099711418152,2601
2,0.2,-1.449783444404602,-1.445099711418152,2601
2,0.2,-1.410135269165039,-1.445099711418152,2601
2,0.2,-1.4124215841293335,-1.445099711418152,2601
2,0.2,-1.4255650043487549,-1.445099711418152,2601
2,0.2,-1.4452948570251465,-1.445099711418152,2601
2,0.2,-1.4347299337387085,-1.445099711418152,2601
2,0.2,-1.4012762308120728,-1.445099711418152,2601
2,0.2,-1.4938271045684814,-1.445099711418152,2601
2,0.2,-1.4003876447677612,-1.445099711418152,2601
2,0.2,-1.3298081159591677,-1.3760930299758911,2701
2,0.2,-1.3889342546463013,-1.3760930299758911,2701
2,0.2,-1.3559728860855105,-1.3760930299758911,2701
2,0.2,-1.3203905820846558,-1.3760930299758911,2701
2,0.2,-1.3400903940200806,-1.3760930299758911,2701
2,0.2,-1.433350920677185,-1.3760930299758911,2701
2,0.2,-1.3770822286605835,-1.3760930299758911,2701
2,0.2,-1.3165075778961182,-1.3760930299758911,2701
2,0.2,-1.3665333986282349,-1.3760930299758911,2701
2,0.2,-1.3907941579818726,-1.3760930299758911,2701
2,0.2,-1.347755789756775,-1.3760930299758911,2701
2,0.2,-1.3391395807266235,-1.3760930299758911,2701
2,0.2,-1.294547438621521,-1.3760930299758911,2701
2,0.2,-1.3448690176010132,-1.3760930299758911,2701
2,0.2,-1.369518518447876,-1.3760930299758911,2701
2,0.2,-1.3343545198440552,-1.3760930299758911,2701
2,0.2,-1.3285263776779177,-1.3760930299758911,2701
2,0.2,-1.3333381414413452,-1.3760930299758911,2701
2,0.2,-1.3655166625976562,-1.3760930299758911,2701
2,0.2,-1.3408983945846558,-1.3760930299758911,2701
2,0.2,-1.343367338180542,-1.3760930299758911,2701
2,0.2,-1.3276898860931396,-1.3760930299758911,2701
2,0.2,-1.3177891969680786,-1.3760930299758911,2701
2,0.2,-1.3307758569717407,-1.3760930299758911,2701
2,0.2,-1.4599250555038452,-1.3760930299758911,2701
2,0.2,-1.4105699062347412,-1.3760930299758911,2701
2,0.2,-1.3716737031936646,-1.3760930299758911,2701
2,0.2,-1.3522589206695557,-1.3760930299758911,2701
2,0.2,-1.3382365703582764,-1.3760930299758911,2701
2,0.2,-1.3840585947036743,-1.3760930299758911,2701
2,0.2,-1.217060089111328,-1.2763441801071167,2801
2,0.2,-1.2524064779281616,-1.2763441801071167,2801
2,0.2,-1.2604899406433103,-1.2763441801071167,2801
2,0.2,-1.2657194137573242,-1.2763441801071167,2801
2,0.2,-1.2436609268188477,-1.2763441801071167,2801
2,0.2,-1.224037766456604,-1.2763441801071167,2801
2,0.2,-1.2396316528320312,-1.2763441801071167,2801
2,0.2,-1.2428027391433716,-1.2763441801071167,2801
2,0.2,-1.197726130485535,-1.2763441801071167,2801
2,0.2,-1.2665616273880005,-1.2763441801071167,2801
2,0.2,-1.218115210533142,-1.2763441801071167,2801
2,0.2,-1.2349752187728882,-1.2763441801071167,2801
2,0.2,-1.2727797031402588,-1.2763441801071167,2801
2,0.2,-1.2275131940841677,-1.2763441801071167,2801
2,0.2,-1.2379547357559204,-1.2763441801071167,2801
2,0.2,-1.2078462839126587,-1.2763441801071167,2801
2,0.2,-1.3098312616348269,-1.2763441801071167,2801
2,0.2,-1.2339366674423218,-1.2763441801071167,2801
2,0.2,-1.2226183414459229,-1.2763441801071167,2801
2,0.2,-1.241566777229309,-1.2763441801071167,2801
2,0.2,-1.2511330842971802,-1.2763441801071167,2801
2,0.2,-1.183139085769653,-1.2763441801071167,2801
2,0.2,-1.3066240549087524,-1.2763441801071167,2801
2,0.2,-1.2417513132095337,-1.2763441801071167,2801
2,0.2,-1.1863902807235718,-1.2763441801071167,2801
2,0.2,-1.2265870571136477,-1.2763441801071167,2801
2,0.2,-1.2339073419570925,-1.2763441801071167,2801
2,0.2,-1.2644296884536743,-1.2763441801071167,2801
2,0.2,-1.25903058052063,-1.2763441801071167,2801
2,0.2,-1.2480071783065796,-1.2763441801071167,2801
2,0.2,-1.3459351062774658,-1.3377196788787842,2901
2,0.2,-1.2965058088302612,-1.3377196788787842,2901
2,0.2,-1.3285274505615234,-1.3377196788787842,2901
2,0.2,-1.2550649642944336,-1.3377196788787842,2901
2,0.2,-1.3354164361953735,-1.3377196788787842,2901
2,0.2,-1.3199782371520996,-1.3377196788787842,2901
2,0.2,-1.284873127937317,-1.3377196788787842,2901
2,0.2,-1.2922403812408447,-1.3377196788787842,2901
2,0.2,-1.3048096895217896,-1.3377196788787842,2901
2,0.2,-1.275787591934204,-1.3377196788787842,2901
2,0.2,-1.242625117301941,-1.3377196788787842,2901
2,0.2,-1.304755687713623,-1.3377196788787842,2901
2,0.2,-1.2746862173080444,-1.3377196788787842,2901
2,0.2,-1.3415135145187378,-1.3377196788787842,2901
2,0.2,-1.3385502099990845,-1.3377196788787842,2901
2,0.2,-1.25199294090271,-1.3377196788787842,2901
2,0.2,-1.2578588724136353,-1.3377196788787842,2901
2,0.2,-1.3007124662399292,-1.3377196788787842,2901
2,0.2,-1.3375904560089111,-1.3377196788787842,2901
2,0.2,-1.2464371919631958,-1.3377196788787842,2901
2,0.2,-1.2386406660079956,-1.3377196788787842,2901
2,0.2,-1.3170191049575806,-1.3377196788787842,2901
2,0.2,-1.26628839969635,-1.3377196788787842,2901
2,0.2,-1.3789680004119873,-1.3377196788787842,2901
2,0.2,-1.2606875896453855,-1.3377196788787842,2901
2,0.2,-1.3102244138717651,-1.3377196788787842,2901
2,0.2,-1.3543720245361328,-1.3377196788787842,2901
2,0.2,-1.3656253814697266,-1.3377196788787842,2901
2,0.2,-1.39993417263031,-1.3377196788787842,2901
2,0.2,-1.3001834154129028,-1.3377196788787842,2901
